chunk_id,lecture_id,series,chunk_index,start,end,constituent_segment_ids,text
SKD_U001_S001_0001_chunk_0000,SKD_U001_S001_0001,SKD2025,0,0,29.7,b8d7579b-2c62-41ad-b8db-17ef5667fe14;159c9006-d4ad-4591-abd7-8374fce0da06;7b957ce1-08d8-4c81-8878-4a919a150df7;eb844b12-0e39-4186-9112-da66f5f52345;7f5d9122-5588-4591-a294-6a43ef89ab4b;842b49fc-7751-42fb-8431-7eaa50ae2bb5;eae26c92-b025-478f-b121-0e77d1f2d42d;27ee5a6b-8b4c-4e3a-9f54-12ee46016e3a;a6885f2b-e4cb-4575-9a90-637be5183f8b,السَّلَامُ عَلَيْكُمْ وَرَحْمَةُ اللهِ وَبَرَكَاتُهُ وَعَلَيْكُمُ السَّلَامُ وَرَحْمَةُ اللَّهِ وَبَرَكَاتُهُ نَحْمَدُهُ وَنُصَلِّیْ عَلٰی رَسُوْلِهِ الْکَرِیْمِ أَمَّا بَعْد فَأَعُوذُ بِٱللَّهِ مِنَ ٱلشَّيۡطَٰنِ ٱلرَّجِيمِ بِسْمِ ٱللَّهِ ٱلرَّحْمَـٰنِ ٱلرَّحِيمِ رَبِّ اشْرَحْ لِي صَدْرِي وَيَسِّرْ لِي أَمْرِي وَاحْلُلْ عُقْدَةً مِّن لِّسَانِي يَفْقَهُوا قَوْلِي اللہ سبحانہ وتعالی نے ہم پر بے شمار نعمتیں
SKD_U001_S001_0001_chunk_0001,SKD_U001_S001_0001,SKD2025,1,29.7,60.32,cc158061-2f8e-4e85-a996-64860e77e9d1;8e73536e-a3a8-4361-960a-4c3a23f2a155;c9735361-3712-4cf0-8d86-34ae81434d6f;3b6fe1c8-7065-4d21-9ad6-c407b0ef116c;ca09e312-420a-4010-b760-f642441da776;88dce54d-ddd5-4ac3-a8cd-86e999289ae7;f2e44705-9998-4606-9fdd-b39996e78d54;0c74477f-05c3-4925-8eac-a0057a5fa998;220453c4-e64e-4885-a76d-7ddea4543ff0;e423f24a-d2f0-427d-a394-4c95797acecc;9c582dba-1efb-4574-b915-413c5008b439;8912e169-e594-4c80-b449-76474a7ad175;a71260ab-6495-45ea-a73a-c1de381bd948,انعام کی ہیں کچھ ہمیں نظر آتی ہیں اور کچھ نظر نہیں آتی وَأَسْبَغَ عَلَيْكُمْ نِعَمَهُ ظَاهِرَةً وَبَاطِنَةً ان نعمتوں میں سب سے بڑی نعمت اسلام کی نعمت ہے جس پر ہماری نجات کا انحصار ہے اللہ سبحانہ وتعالی کی طرف ہدایت اور توفیق کے بعد سب سے بڑی نعمت خود ہماری زندگی ہے اور اس زندگی میں صحت اور عافیت بہت بڑی نعمت ہے اعضاء کا سلامت ہونا
SKD_U001_S001_0001_chunk_0002,SKD_U001_S001_0001,SKD2025,2,60.32,90.28,636a68bc-15ff-4e69-9285-497668b0154f;65560158-0a1e-4c06-88ba-04e572ca98e1;a2ca43ab-3a9b-4f15-9500-fc7ac968c150;c9a61dce-3375-4561-a0a4-d7ed87e6985b;8c78af32-7453-416d-a935-35104a546e74;504d2a46-63a7-43bc-bde2-3bc564b27b66;969703b9-8dd4-41f4-8e3a-85f20062c245;2580f7b0-e3ba-4591-bd3a-7b229674d758;02ce84a8-5c05-40c5-bc8c-d6eba6785f8a;08903e07-43d8-4e54-9731-947a01980e20;4ddd2e82-8d6a-4f0e-92f7-ae22bfb9e34d;df8f75fd-6a18-4737-978a-6f8ff32d102c;4f209555-46cc-4186-9688-5b5a2589404b;78a4f56f-d541-4bb8-a0ae-4b5ec49d49cf,بیماریوں سے محفوظ ہونا طاقتور ہونا کسی کام کے قابل ہونا یہ اللہ تعالی کی بہت بڑی نعمتیں اور جب کوئی نعمت ملتی ہے تو کیا کرتے ہیں شکر ادا کرتے ہیں اس نعمت کا صحیح استعمال کرتے ہیں صحیح استعمال شکر کہلاتا ہے اور شکر کا فائدہ کیا ہوتا ہے نعمت میں اضافہ ہوتا ہے نعمت کی حفاظت ہوتی ہے تو الحمدللہ جو لوگ ہم میں سے صحت مند ہیں انہیں اپنی اس نعمت پر شکر ادا کرنا چاہیے
SKD_U001_S001_0001_chunk_0003,SKD_U001_S001_0001,SKD2025,3,90.28,119.42,49eccf1f-64bc-42c5-b207-e6b50b23d694;7ab66d44-7cee-4ff0-9adb-482d33327cd1;92208157-5fea-4fb6-b466-83b3f43955ec;91cd83e8-f2ff-4341-ab04-1da2bb98cabf;d5ff96d5-9f0c-441e-bcf6-d476698c364a;3ab31a47-1060-4ce2-9f91-01e19a412697;374f3d29-0f20-4488-a07a-6583fa43756c;493ef9c0-f6b1-4465-828a-a536848cb150;e31ee2b9-91c3-491b-8252-a17c360f5728;ac626aae-95bb-4dfc-bc5a-a992504efb33;fa02a62f-e111-4c75-99a0-6f27316f6ba7;0f934960-539c-4c66-886d-4399073765bd;e88cc9ab-b281-4d7d-8b07-d93b17f5fc46;ac4d3256-f1dd-48f7-b57d-098610dcf3c3,لیکن کوئی انسان بھی ایسا نہیں ہے جسے زندگی میں کبھی نہ کبھی بیمار ہونے کا اتفاق نہ ہوا ہو بلکہ اگر یوں کہا جائے کہ ہم میں سے ہر شخص کسی نہ کسی چھوٹی یا بڑی بیماری کا شکار ہے جب انسان بیمار ہوتا ہے تو اس کا سب سے بڑا نقصان یہ ہوتا ہے کہ وہ اللہ تعالی کی عبادت ٹھیک سے نہیں کر سکتا جو کہ اس کی زندگی کا مقصد ہے اللہ تعالیٰ فرماتا ہے نا وَمَا خَلَقْتُ الْجِنَّ وَالْإِنسَ إِلَّا لِيَعْبُدُونِ
SKD_U001_S001_0001_chunk_0004,SKD_U001_S001_0001,SKD2025,4,119.42,148.34,39d7ec1c-6fcb-4955-bda2-c96b24edaa49;f8c709d7-ee1c-460c-a0fd-3b48a93c86f7;c7f6ffc4-2abd-49ed-a0eb-5b0184a6d8d6;155467f5-6bd4-4578-9249-4b6ff230302b;cb5274d2-38dc-48a5-9cde-e8f2c00c973e;f8c7cc68-b52d-4f63-9e31-97caf624dd76;16aad560-26bb-4964-b710-c5198e1ee6ea;dd4e1658-92d8-4574-b92b-067076a0490d;38d01bfb-2886-4af2-b113-ec68cad93c39;ffbc37a0-8514-4b30-bcfe-4faa713b606a;6154be5c-0844-4fec-88a9-490f931fc7c1;e231ac70-7762-4097-8bae-bf42bee6518c;44b29bf9-20a0-4d6d-8ef8-0c88d4d78b5a,تو جب ہم عبادت کے قابل ہی نہیں رہتے اور عبادت میں نماز روزہ بھی آتا ہے اور عبادت میں خدمت خلق بھی ہے خدمت خلق بھی عبادت ہی کی ایک قسم ہے نہ ہم دین کے کسی کام کے اور نہ ہی ہم بندوں کے کسی کام کے بلکہ الٹا کیا ہوتا ہے جب انسان بیمار ہوتا ہے تو دوسروں پر بوجھ بن جاتا ہے اور دوسرے اس سے تنگ آ جاتے ہیں رحم تو کرتے ہیں لیکن تنگ بھی آ جاتے ہیں لہٰذا یہ بہت ضروری ہے کہ ہم صحت کا خیال بھی رکھیں
SKD_U001_S001_0001_chunk_0005,SKD_U001_S001_0001,SKD2025,5,148.34,178.22,78628585-4ecb-4cbb-9369-b0b150d5282f;79fc7b89-d5cc-416a-a26a-c62c86f69855;844a2001-e0e2-4d6d-ab70-61c7e7b6840e;85054633-343d-4691-a37b-157f6e378ce2;3847cb95-91e5-4a4a-9347-2de2035b346d;c35f2467-e8b1-4411-9b03-c5ed5e15d9b8;8dbbe3cc-a1a4-4bf4-866d-d56f4d84f634;e29f7862-94ea-4a11-b89c-222c1df30a14;08d461bf-fd41-4b6a-860d-e3529ad22733;6e065b6f-2fd5-47f5-b274-05c5f4ab9ecb;f72f67d9-58be-417b-9aed-c37678c968e8;cbdd7c78-2408-442d-b45f-f0384b009a82;9eec82df-325d-46b8-b9b3-78bb735711af;74c85c7b-fbdd-48af-9ef4-ac811ad1def4;0ed5ea8f-cbe5-4e2b-8eb0-61a583a195f8,اور اگر کسی طرح کی کوئی بیماری آ جائے تو پھر اس کا علاج بھی کریں علاج کرنے میں کچھ تو مادی علاج ہوتے ہیں جیسے کوئی دوا کھانا کوئی اور ٹوٹکے وغیرہ کرنا کچھ لوگ تو ڈاکٹر کے پاس نہیں جاتے صرف ٹوٹکے وغیرہ کر کے اپنا علاج کر لیتے ہیں لیکن یہ طریقہ علاج کافی نہیں مومن اپنی بیماریوں میں دعا سے کام لیتا ہے دعا سے فائدہ اٹھاتا ہے اور شفا اور دعا کا
SKD_U001_S001_0001_chunk_0006,SKD_U001_S001_0001,SKD2025,6,178.22,208.01999999999998,4ed25b24-6e28-4794-b263-a824d2356b44;253aabb4-d6e2-4f25-bb33-07667d18f45a;28cd4320-320b-42ac-8097-e4c857877413;6b0f63a3-91d4-42b5-873a-67e605fe1e0d;f7b8346e-6aee-466c-9f7b-b21c611ca22f;a35227e5-80f0-4fe5-b3db-bf88dd33d46a;db76a48b-87b6-4531-8cb5-bfd73ee2f198;1bbeea8b-05c9-45c9-b78f-eb70fcf8896f;411f81e8-138b-4176-a9af-de83f5dbf6a8;4d272dcd-ee9a-4bdf-ad5d-0d68e52bc60a;7bc48cdf-a07a-4968-8dda-ccb415a347ef;f7c9f2cf-9277-4968-8d48-6c004a89f223;702df4ff-6e25-4f6b-b463-0e219996262f;d21860c8-1711-4b0c-a656-878a77177599,آپس میں گہرہ روحانی تعلق ہے بندے کا کام ہے دعا مانگنا اور اللہ کا کام ہے شفا دینا ابراہیم علیہ السلام نے کہا تھا نا وَإِذَا مَرِضْتُ فَهُوَيَشْفِينَ اور جب میں بیمار ہوتا ہوں تو وہ ہی مجھے شفا دیتا ہے تو شفا کس کے ہاتھ میں ہے اللہ تعالیٰ کے ہاتھ میں کیا ڈاکٹر بھی شفا دیتا ہے اللہ کے اذن سے وہ علاج کرتا ہے میں نے فلاں ڈاکٹر سے علاج کروایا
SKD_U001_S001_0001_chunk_0007,SKD_U001_S001_0001,SKD2025,7,208.01999999999998,237.89999999999998,af921565-cb86-422f-938b-dc8d8d89d3ae;7ed88f65-91a4-4cd9-a85b-e5e302a0ec57;dc50232a-504c-471f-b916-43354c57460c;e312e1ea-ab27-4494-9bdd-fa75f980c5e1;6b6cfde0-b080-4675-b1b4-824d88056230;9786691c-84c5-4b4e-8f6f-687d6f3b0483;afe335df-4d68-447d-9ecd-102d5a7afe62;5213de2f-54a8-4138-90a6-ef1a98493175;9acbc503-e78e-4ca7-9acc-a92c357704ad;d01fc501-43e9-4da3-be7b-ef6ee66e835e;34e6a59f-49be-4d1e-bd37-d8bf213c0b31;15aed8b6-e3a0-411c-9cf1-f40461de3f06;a97cd78d-beea-44c2-82f6-57bfa00141d6;c1225379-8f0c-43a3-b76e-104f1fc7dd8b;9145072a-3973-4c9e-95eb-34ffd8539359,مجھے بہت فائدہ ہوا یہ کہہ سکتے ہیں لیکن اس ڈاکٹر نے مجھے شفا دی یا اس ڈاکٹر کے ہاتھ میں شفا ہے تو کسی کے ہاتھ میں نہیں ہے سب کچھ اللہ کے ہاتھ میں ہے لہذا ہمارا پورا یقین ہونا چاہیے کہ شفا اللہ ہی دیتا ہے لہذا صرف دواء پر ہم نے انحصار نہیں کرنا دواء کرنی ہے کیونکہ اعقل وَ توکّل پہلے اپنا سبب اختیار کرے انسان اور پھر توکل بھی کرے لیکن صرف دواء کو کافی نہ سمجھے
SKD_U001_S001_0001_chunk_0008,SKD_U001_S001_0001,SKD2025,8,237.89999999999998,266.96,8588a9c4-f949-479c-840f-486ec6898b0b;a2657ed0-7f0b-4d5a-9a7b-69ce8e3019ad;a1d545ed-8723-498e-ad91-cf6497cdac58;d2667e5a-c4f4-470f-bf5c-8a32903de6d1;6b56c080-6e3a-4eac-aa52-f0ceb631eb29;0320fd6e-3571-4350-a1af-5e09dd509666;a655b95e-a64c-4749-a13c-2bc235015fd0;ed49fa9d-f7d4-42c4-a906-61d34798e1ee;0f3f5517-8d07-4010-8028-1e1579ab4173;5972a9b1-a81f-4a5e-9e85-8fe1c48f7717;3a00b871-e032-49ee-8524-8fde75f508b3;f7d0bab7-cb13-4a84-8d07-0711a9b06264;0fbdb564-0483-49e4-86be-cae85476b55a;e5767a3a-e133-4def-b4da-3d38bc3e933e;d9d6f61c-d64f-45ff-8aab-9b99953c2c44;5e471735-a972-4ba9-a351-b2812f8ebfc6,ایک ہی دواء ہوتی ہے ایک انسان کو فائدہ دے جاتی ہے اور دوسرے کو نہیں دیتی ہے جبکہ دونوں کی بیماری ایک طرح سے ہوتی ہے فرق کس چیز کا ہے ایک کو اللہ نے شفا دی اور دوسرے کے بارے میں اللہ کا اذن نہیں تھا لہذا ہمیں دعا مانگتے رہنا چاہیے زندگی کے ہر مسئلے میں دعا مانگنی چاہیے لیکن خاص طور پر شفا کے لیے اور آپ دیکھیں کہ بیماریوں کے بھی کئی قسمیں ہیں کچھ تو جسمانی بیماریاں ہوتی ہیں لیکن کچھ ذہنی بیماریاں بھی ہوتی ہیں روحانی بیماریاں بھی ہوتی ہیں
SKD_U001_S001_0001_chunk_0009,SKD_U001_S001_0001,SKD2025,9,266.96,296.06,6986c880-eeb0-4348-bb02-feee3172ccee;6b0bbb27-8085-4821-b483-08625c1fef26;176b82e9-5352-43ca-9fdf-f91dd5084d97;6e85e09d-b849-4b55-aac1-f57ad5a0e156;04c6c477-2548-4d12-8217-d007e2e01f35;bd2e3a07-591e-4630-a94e-4f9e039161fa;58094b93-c5b4-4a58-a0bf-55ea82c88b8f;4b88be1d-70a3-4cd8-ad72-0f9450853c91;1eff410a-341b-4f8d-bf1e-b73324d64cd9;64b87d05-5318-4922-b995-c5ba11948146;c65fd9af-9b44-4b4b-9752-17c53cd22b5f,اور کچھ اخلاقی بیماریاں بھی ہوتی ہیں تو بیماریاں کی تو بہت سی قسمیں ہیں ہم ان اقسام کی طرف نہیں جائیں گے لیکن بیماری کسی بھی قسم کی ہو اس کی کوئی بھی نوعیت ہو جسمانی ہو یا روحانی ہو ان سب میں دعا فائدہ دیتی ہیں بلکہ کچھ بیماریاں تو ایسی ہیں کہ جن میں دعا کے علاوہ کوئی چیز فائدہ نہیں دیتی دعا کا فائدہ کیا ہوتا ہے کہ جہاں انسان کو بیماری سے نجات ملتی ہے
SKD_U001_S001_0001_chunk_0010,SKD_U001_S001_0001,SKD2025,10,296.06,326.06,fca20731-04c0-4507-849b-01b5aecf1e65;f29a5a9d-2920-4e71-b221-9e5c3f7cc658;29eecac3-8735-4291-9319-c5b55968b33e;62ddbbd7-c707-44e9-9e9e-dc1ce31c2f0a;6f76e0e3-f746-4334-960c-249eef435549;9e189206-6b9c-4263-98fe-5c5bccf8bcf5;b5ecf6cb-68d6-4e79-a43f-5e3d8a7cbea3;6887d4f7-331a-4b7d-8807-79191fce2e6f;5f9b25a9-6f3d-4b46-b6ae-e582ac9a62b2;7245bb2c-fae7-41de-961b-c675cf06c94a;b3fa63fe-5c84-4db5-8b88-521f5446e8ca;b0ea4215-dd27-4537-b455-d21e04063017,وہاں دعا انسان کو اللہ کے قریب بھی کرتی ہے دعا بذات خود ایک عبادت بھی ہے تو دعا مانگنے کا صرف یہ مقصد نہیں کہ ہمیں شفا ہو جائے بلکہ دعا کے ذریعے ہم ایک عبادت بھی کریں بیماری کی حالت میں بھی اور پھر اللہ سبحانہ وتعالی کے ساتھ ایک تعلق بھی قائم کریں پھر اللہ سبحانہ وتعالی کے سامنے ہم اپنی عاجزی کمزوری کا اظہار بھی کریں جو اللہ تعالی کو پسند ہے اور عبادت کی اصل بھی یہی ہے
SKD_U001_S001_0001_chunk_0011,SKD_U001_S001_0001,SKD2025,11,326.06,356.8,fea290bf-0271-41ed-b9ea-1d92c3717107;3b2c0008-4a70-474d-b851-7fab0133b94d;bdcd6179-c964-44d5-80fa-3dc7e00b55aa;a9f9fbf5-a851-492d-8c3c-5cb8047bc143;09acde8f-8de8-47fb-9be3-a289051ce004;707b44b3-5524-4ad5-ab63-7e9077535eff;1f62463c-834a-4378-9348-63147ec754f4;86a46e0b-0410-4691-ad7d-7be5050f7a2d;1606b923-37b6-4ca1-a287-9d97f08e76ce;e9cbada7-4066-47a7-9add-77c14354b1cf;91958d4e-3109-41e8-9a37-f488398013b5;05b68bc9-53a1-4e57-abf9-343b0ad485dc;1a9ead07-96ef-4296-96ce-599674101ce3;d31aea06-3ad2-4f7e-9c27-c203601662ee,کہ انسان اس بات کا اظہار کرے کہ اللہ میں کچھ نہیں تو ہی سب کچھ ہے میرے ہاتھ میں کچھ نہیں تو ہی ہر چیز کا مالک ہے اور ہر چیز کی تدبیر بھی تو ہی کرتا ہے لہٰذا دعا جہاں فائدہ دیتی ہے شفا کی صورت میں یعنی اس سے شفاحاصل ہوتی ہے وہاں یہ کہ انسان کو بیماری کے دوران پر سکون بھی کرتی ہے یعنی دعا سے سکون بھی حاصل ہوتا ہے تو دعا کے اندر بہت گہرائی ہے انسان کو ایک کانٹا بھی چبھے نا
SKD_U001_S001_0001_chunk_0012,SKD_U001_S001_0001,SKD2025,12,356.8,386.15999999999997,c93576ef-3f86-4962-b1eb-57357f76d4f7;f8028ed7-6a7e-4492-a97a-98a5817961ac;d8eb4f7c-ed62-4518-8560-fa365672a8f0;585c7b01-3886-4bc7-a803-e0334d298aeb;42e7f72d-68f3-4359-b2dd-b5b67b561522;aed56bf6-7d04-4214-9ef7-dcda1fdfd969;918ecab9-9dbb-40f6-843c-be26d48d85a8;118d10b5-02e6-44f2-9f07-5373c4b0682f;f9d2528f-3a73-4172-a8b7-38a82051e59a;12caeb69-3edf-41c0-8171-416dc498e185;1c6042b9-b21e-4ba6-bb00-bf09842ad4da;fe021ea5-59a9-4d40-a697-a6843b21ce7f;e37b60bd-35c4-4244-ab56-e5f5022da80e;93bd7bfd-8a36-4667-a69d-7424e01970d1;331e84bc-d4e0-4d81-8a9e-2051a3b5df20;3d2fa649-3689-4456-91a4-f8e118208ad6;042f8a15-b9f6-4cd0-ac47-bb80731d6e0b;9d07fa37-e1a2-4b6a-9cd4-e62a29ec1376,کوئی چھوٹی سی بھی تکلیف ہو حتی کہ ایک چھینک آئے تو کیا کرنا چاہیے الحمدللہ کہنا چاہیے کیوں اس لیے کہ یہ سنت ہے اس لیے کہ ہمیں بتایا گیا ہے کہ الحمدللہ کہنا ہوتا ہے ٹھیک ہے وہ تو اچھی بات ہے ہمیں بتایا گیا ہمیں تعلیم ہے ہماری دین نے ہر موقع کی تعلیم ہمیں دیا ہے اللہ کو یاد کرنے کا طریقہ سکھایا ہے لیکن یہ ہمیں یاد دلاتی ہے کہ ہر تکلیف میں ہمیں کس کی طرف رجوع کرنا ہے اللہ کی طرف ہر تکلیف میں
SKD_U001_S001_0001_chunk_0013,SKD_U001_S001_0001,SKD2025,13,386.15999999999997,415.24,76ee07ac-d1b2-41d1-9947-ad6684974f42;63afe127-e977-4e44-b694-2a60ea1f7291;8b958539-94e9-4534-a578-6d7aa33b0cc6;60f20313-d4ad-494d-a095-9eef3ec70918;6180bca2-492f-45d2-a533-2dee79c9a22c;b750c4f9-44b2-4e2b-82b8-70cca9537c61;f74a839a-07d8-4e57-8505-5cecc6c6b062;5efe60c8-2cf1-464c-93d8-d61878efb7d3;4cfdb48b-238a-4c1b-ba6e-2677d5c300ff;2c817fb2-834f-41b1-85f3-4a4b95ffd0b1;ded094ce-0443-42d7-a7a9-ff096ac56f1d;0f175b27-e120-46bd-b74a-56c11961a8f6;1baa0f99-fedd-43d3-894b-96e5e7028a7f;461e5697-61c7-4313-86d7-87e3e6b68aff;b59ce99f-97cb-4506-81b5-e993687326ee,پہلا خیال ہمیں اللہ تعالیٰ کا آنا چاہیے پہلا دھیان ادھر جانا چاہیے اس پر اپنے آپ کو ٹیسٹ بھی کریں کہ کیا ہم ایسا کرتے ہیں کہ جب ہمیں کوئی مشکل پیش آتی ہے ہمارے جسم میں یہ باہر تو کیا ہم اللہ تعالیٰ کی طرف رجوع کرتے ہیں اگر نہیں تو ہمیں کرنا چاہیے تو دعا جو ہوتی ہے وہ اللہ تعالیٰ کی ربوبیت اور بندے کی محتاجی کا اعتراف ہوتی ہے اور پھر یہ ہے کہ دعا تقدیر بھی بدل دیتی ہے ٹھیک ہے
SKD_U001_S001_0001_chunk_0014,SKD_U001_S001_0001,SKD2025,14,415.24,474.4,af6cf41d-938b-454b-8c68-eb1a05d14993;a8423b01-8f6b-458f-8901-ab15b2b9fae7;0f6adba0-41c9-42e7-b37c-d08be51231ac;be6c7e8e-5b2a-4aa5-b89d-3e90f2760108;5d56b138-1d8c-4d2a-b166-6cc6ebf76167;63899278-ec97-49e4-8af2-11eb86ee1c83;0488b5d4-7e53-44e4-86d4-9c20f8b5eef4;b25e4d21-55ee-4d0b-88ee-62b2d4fc4b15;82fae984-7b7a-45c9-a81f-d360752c2d92;743497c1-33ca-400b-98d4-096ad32d79d5;942c5aa4-1fc8-4ee1-b537-deb8a0cac570;91c205eb-f41e-494b-aed4-ba541d9dd9b2;e70245b8-68b0-43b0-89fc-d24f82e2736e;0203eec8-e2a8-4ebf-81fa-5ab0ac870b06;0b6008a9-047f-4c8c-b0ad-db853c8cdf6d,یعنی اگر آپ کو ڈاکٹرز جواب بھی دے جائیں کہ آپ کے مرض کو کوئی علاج ہے ہی نہیں تو بھی آپ مایوس نہیں ہو سکتے اگر آپ دعا کر رہے ہیں اگر آپ دعا سے کام لیتے ہیں اور ویسے بھی اللہ سبحانہ وتعالیٰ نے ہمیں قرآن مجید میں دعا کرنے کا حکم دیا ہے ارشاد باری تعالیٰ ہے وَإِذَا سَأَلَكَ عِبَادِى عَنِّى فَإِنِّى قَرِيبٌ ۖ أُجِيبُ دَعْوَةَ ٱلدَّاعِ إِذَا دَعَانِ ۖ فَلْيَسْتَجِيبُوا۟ لِي وَلْيُؤْمِنُوا بِي لَعَلَّهُمْ يَرْشُدُونَ اور جب میرے بندے آپ سے میرے بارے میں سوال کریں اللہ کے بندے جب نبی صلی اللہ علیہ وسلم سے اللہ کے بارے میں سوال کریں کیا سوال؟
SKD_U001_S001_0001_chunk_0015,SKD_U001_S001_0001,SKD2025,15,475.23999999999995,494.4,f4793baf-7983-4a4c-96f3-12a65254c001;cf918662-6e0b-4ade-947f-0bb19b919b85;a620309d-1ba1-4fd6-8440-18c3b3114b30;82b20f4e-8c9e-4cd2-b8fb-1e7428987512;1a4f833f-9962-4f15-b062-73638a7071a9;00679a3c-66c5-4e63-a70b-d4c10ebf6b5b;8c22f8e1-61c7-4c07-ad5e-f345dd6eda75;fb6bc2ad-9336-43af-adad-1ce0aa3b157a,کہ ہمارا رب کہاں ہے؟ کیا وہ ہماری مشکل آسان کر سکتا ہے؟ تو کہہ دیجئے بے شک میں قریب ہوں میں بندے کے قریب ہوں میں پکارنے والے کی پکار کا جواب دیتا ہوں سبحان اللہ کہاں ہم اور کہاں ہمارا رب اور وہ جواب دے رہے ہیں کیا ہم بندوں کی ہر بات کا جواب دیتے ہیں؟
SKD_U001_S001_0001_chunk_0016,SKD_U001_S001_0001,SKD2025,16,495.15999999999997,524.62,1d81f17b-33e9-4791-bf15-37df15424f92;7ad044c8-b704-4d34-93b8-f14b235d0a64;5dd9e2b5-a9db-43b7-894e-1925a0ae1d83;4c9f5033-8e50-4a6a-94ec-947a48ed90ab;0093fce0-367a-44fd-add1-5ec44e37d4c4;5e6f1987-c81b-416b-86bc-f619fab0f9e3;fcbd3c26-caf9-4eef-aec9-aadaae7b0b0a;d3bb4e57-62a5-4ad1-a031-8ea0703c0a52;e4477ed6-5de8-4f9c-ac7c-1ef2eac8915c;43bbcf5a-f61e-4c7b-a091-7b23b9798caa;2763470f-5818-41f0-8479-39d11ac7e27c;081103c4-abc2-462f-96f5-23eb478115ec;3b788e2b-642b-4ea4-bdb5-0ae8105fd376,مائیں سوچیں ان کے بچے انہیں بلاتے ہیں اماں اماں اماں ماں ایک نہیں سنتی کتنی دفعہ اگنور کر دیتی اسی طرح مدد کے لیے لوگ ہمیں پکارتے ہیں ہم جواب نہیں دیتے ہیں لیکن یقین کر لیجئے کہ بندہ جب جہاں جس حال میں جیسے بھی اپنے رب کو پکارتا ہے رب اس کا جواب دیتا ہے رب اس کی بات سنتا ہے ہمیشہ سنتا ہے میں پکارنے والے کی پکار کا جواب دیتا ہوں
SKD_U001_S001_0001_chunk_0017,SKD_U001_S001_0001,SKD2025,17,524.62,579.6,ccd4e737-17ee-4bb6-a87f-6b2a150861c2;c19d9181-bb49-42c6-b84f-a0be27ed18ad;d3b7bdb0-fa54-4160-9666-80257fbf8774;c286c672-1c56-4ecf-9a90-0ce429c2f37b;09f4cb1f-0051-4f46-af3e-6d7cd65249b1;bf038222-059d-4589-b8cf-e64a41cefc27;d58d2fad-c3e2-48ea-aad6-fc66bcf0ab00;d72986a3-4e31-484e-89ce-56e193591dc5;18fef859-1e8f-42e2-821b-a97ade338a36;7a76a0c6-0516-4959-838d-61c20889b019;27d499ee-9751-47c8-8830-9fb20172bf82;1a2809a2-2383-42c4-bf1b-ca4b70f72774;dd03104a-92e1-4e5f-9b7b-5e84298c2c44;a6aa742a-f85a-43ad-aed1-a4511dc5495e;4ed22a12-20e4-4a2b-bd3b-cd961a10ebb0;539a2b15-ba43-4c6a-a089-62c34ba51650;2f2e63ed-4b42-44c2-a9bf-ba694f7121ba;c88469c8-4f6b-42ae-a8fa-fd39dcd24966;9b8622db-4fbb-41e4-a821-c964f9457c5e;3e633daa-e991-4092-a79d-862f39c2c877;d5f359b4-d43a-495e-bc80-194cbeec1651;0bc59822-13cd-454b-86c9-ab050a87f4b0;9cc34c4d-5f0d-4087-955a-eddad583e062;4741e233-db3a-4c2c-96e9-094a08d80720;18ff8201-5a0d-4971-b75e-084d3cbda58a;93f0cffa-8db3-439f-839b-db567db1bda0;5e7e336e-4b11-4052-acba-870e98198366;c695865e-13f4-41dc-a0ef-7ce8e8235be7;87246c1c-83cb-4d85-82fc-f6098213e320;7ea02571-7932-4381-a18d-5283e7907e2b;5af60a82-55a9-4d6e-9b44-9169cd54806b;33e9c236-6cc1-443d-9e05-ab03af69cdbb,جب وہ مجھے پکارے جب بھی پکارے تو ان کو چاہیے کہ وہ میرا حکم مانیں وہ بھی میری بات مانا کریں یعنی اگر چاہتے ہیں کہ ان کی دعائیں قبول ہو تو وہ کیا کریں حکم مانیں اور مجھ پر ایمان رکھیں اعتماد کریں یقین کر لیں تاکہ وہ ہدایت پائیں تاکہ ان کو راہ مل جائے یہاں پرلَعَلَّهُمْ يَهْتَدُونَ نہیں ہے یَرْشُدُونَ ہے یعنی ان کو رہنمائی مل جائے کہ کس طرف جانا ہے علاج کیسے کرنا ہے یا کسی بھی مشکل سے نکلنا کیسے ہے اور یہاں پر اللہ سبحانہ وتعالی مومن بندوں سے خطاب کر  رہے عبادی ویسے تو سارے ہی بندے اللہ کے ہیں لیکن جو اللہ پر ایمان لاتے ہیں اللہ تعالیٰ ان کو پکار رہے ہیں ان سے خطاب کر رہے ہیں تو جب بھی آپ کے دل میں یہ خیال آئے کہ اے میرے رب تو کہاں ہے تو میری پکار سن لے تو اللہ تعالیٰ کیا فرماتے ہیں فَإِنِّي قَرِيبٌ میں قریب ہوں کیسے  قریب ہے اللہ تعالیٰ؟
SKD_U001_S001_0001_chunk_0018,SKD_U001_S001_0001,SKD2025,18,579.6,609.62,0d6d93f7-72fc-4414-b45a-09edaca13ad3;dcefba58-a50a-48f7-a102-74a9376196af;2856071e-3297-4314-b9a2-d3ef5a9fa540;7cfaff3a-894d-4354-86ae-2d3eaee29ac8;0bc58949-2214-46ee-b1c9-dfe9caf7fb8a;49f05d5e-f6a5-4c01-849b-4b95d2d04860;c3316d7b-75ac-4a7c-babb-323478c93551;bca445c1-f575-443e-b898-37025d6033ad;80e2f98c-cb81-4df4-ade1-a7acac975457;ed821903-e7db-428c-af61-a28b575f803c;814e7ccf-28c8-43d3-bf3b-1a81bef6fb56;7ddfed02-6215-407e-9ce2-1fd5ab45458f;9bb1c8bc-4c72-4a8f-ba27-d497462f5fc5;57ab35e7-54ff-4bd6-898d-c441fbe0a50e;5b3f2e57-e0fa-41b3-b6e2-778bfc6442dc;01cf1382-2af3-4f7a-bb21-784a0765b8dc,دعا کی قبولیت کے اعتبار سے کہ وہ سنتا ہے وہ جواب دیتا ہے وہ دعا قبول کرتا ہے اور دوسرا دعا کو سننے کے اعتبار سے تو اللہ سبحانہ و تعالیٰ کی ایک صفت القَرِيبٌ ہے اور قرب جوہوتا ہے وہ دو طرح کا ہوتا ہے ایک علم کے اعتبار سے اللہ تعالیٰ سب کے قریب ہے یعنی سب کو قریب سے جانتا ہے ظاہر بھی باطن بھی ان کے دل کے خیالات بھی سب کچھ اور دوسرا یہ ہے کہ جو لوگ اللہ کی عبادت کرتے ہیں اللہ تعالیٰ کی اطاعت کرتے ہیں اللہ تعالیٰ کی بات مانتے ہیں
SKD_U001_S001_0001_chunk_0019,SKD_U001_S001_0001,SKD2025,19,609.62,640.64,9109d976-4230-4a28-80c9-ae7a3092f44b;9f093077-aecd-49ab-97b8-93585c7ecbbd;fa0d79c6-fdb3-4543-815e-b6b1ca62d6f7;55ddfca6-37fc-4dfc-b569-1c7f4b54662c;8d727e31-4545-42f2-8196-d69e87f973fd;787da28d-3d34-4fc8-a79a-5e6dc1076a51;190570fe-ed7c-4a86-be34-113679540804;b5b6ba55-fde8-4376-8571-c25434d07ac8;2973010a-71ad-42ff-9b20-fa7d586ac04c;681295c3-b455-48c6-a889-76b68699fe09;8038ce7e-f8f3-4d7c-861c-6fc54a226db8;4c0a5a28-cd33-4a45-a83b-e17a2cf5a352;cab81eb9-046f-448a-857b-ae5bf9d8bd09;9962be44-7a84-494f-a25f-5aa14b9c17bc;9e031823-71d7-455a-a762-bd43bddc3078;e50b5c84-b319-413e-80e3-b7ac44a7d3b5,اللہ تعالیٰ ان کو خاص قرب عطا کرتا ہے اللہ تعالیٰ ان کے بہت قریب ہوتا ہے اور وہ اللہ تعالیٰ کو قریب محسوس کرتے ہیں ویسے تو اللہ تعالیٰ کہاں ہے کچھ لوگ کہہ رہے ہیں عرش پر اچھا کون کون کہتا ہے کہ اللہ تعالیٰ ہمارے دل میں ہے اچھا اور کون کون کہتا ہے کہ اللہ تعالیٰ ہر جگہ موجود ہے علم کے اعتبار سے موجود نہیں ہے اللہ تعالیٰ کہاں ہیں عرش پر
SKD_U001_S001_0001_chunk_0020,SKD_U001_S001_0001,SKD2025,20,640.64,669.6800000000001,0545b3b8-a92f-4b4f-a0a1-a9a9f0b25670;1b364c67-01eb-4693-8549-75ebb56297ab;a5c95bfb-ed21-4d1d-aab9-59be614ad404;18005ad0-4ac7-4d48-8a55-56e74d902099;2f143c8c-42d9-4353-b2ec-ba2c0d04338d;5a387fdf-bb2e-4374-8bc5-4078ada80fba;052a3a9a-00b8-4741-982e-e1bebb0f46c0;0e8b418d-55d6-4c26-8c06-3ce4177f2ea2;2b079344-3992-4cd2-b6c6-846657b87095;759f8b85-4ca9-44b0-a5d2-7d98ed9c9d07;2e7be905-b515-4936-ab6b-b01feced7364;36caf5a2-e559-44e5-9ec3-84773572efe2;237df742-1d4e-4fc8-b479-1b0ea527ef9e;8e1911db-9ba9-4ab9-b9c8-8b904797cb1a;4c347976-f533-4612-bd57-9683ad6dbf89;76280493-d417-426f-aed5-83ac80a36040;d277ca82-8717-41cd-b536-e3cff9c72ec6;525c7e7e-a40e-43fa-8648-7ebe4a636075,آپ نے کبھی بھی اس پہ ہاتھ نہیں کھڑا کرنا کہ اللہ تعالیٰ ہر جگہ موجود ہے ٹھیک ہے اور وہ ایک شعربنا ہوا ہے ڈھادے جو کجھ ڈھیندہ دل  نہ کسے دا ڈھاویں کیونکہ رب دلاں وچ رہندا ٹھیک ہے یاد کے اعتبار سے تو ہے وہ کہتے ہیں نا ہر چیز کے اندر اللہ تعالیٰ نعوذ باللہ ایسا کچھ نہیں ہے یہ اللہ تعالیٰ کی شان کے خلاف ایسے بات سوچنی بھی نہیں چاہیے اللہ تعالیٰ اپنے عرش پر ٹھیک اچھا لیکن علم کے اعتبار سے قریب ہے
SKD_U001_S001_0001_chunk_0021,SKD_U001_S001_0001,SKD2025,21,669.6800000000001,710.74,dd230e0f-3d05-483e-b4e5-a68f2d44dd0d;fdf3e6e5-dee4-4ee0-9b19-9ad8fcc1e937;625c79f4-88db-4346-a990-5ecbf5a6062e;734df0b9-906e-4501-9c57-26654cdde9be;6e2488a9-2b46-48dd-b04b-56d015dbf124;ddf52ec1-7187-4110-b46b-8598df6c4196;6d833998-d6f4-4eb8-98cd-e8e3cdf1038b;80814a3d-bc8b-4213-a003-d2bc15e2312c;ec992e7a-a5ad-45d5-b7be-bf17881de3cd;f9ec8f4b-96a0-4bcb-898c-12e7f70197a8;12891239-3c4e-4d57-8412-e4cba3345d08;56df98ff-8c70-4f73-8514-314b09f52a4c;c7c72bf4-8052-4715-a3e5-0344b67e8c49;3437ae5c-a414-48ac-9a0b-62887f338799;28ad39da-6b7a-4f58-9aca-cde1460900c2;da06d281-b2af-4108-b837-c3205ea45b2c;cbfe1bfa-f362-448c-8968-32cc733ab46c;d9b01fe2-3d65-4d6b-9629-2e34e6d97eca;1bf0905e-3cb0-47be-a0a3-184a336dd16b;8f802139-fe71-460c-af18-ee2469f62420;c2eb0925-0741-4a03-aafa-3e520d7a2e42;80638184-83da-42b7-a4bc-6f858eba6111,بندوں کی مدد کرنے کے اعتبار سے قریب ہے یعنی جب کوئی نہیں پہنچ سکتا آپ کے پاس تو اللہ تعالیٰ فوراً آپ کی مدد کرتا ہے جیسے یونس علیہ السلام کی کی تھی جیسے نبی صلی اللہ علیہ وسلم کی کی تھی جب انہوں نے کہا تھا حضرت ابو بکر سے لَا تَحْزَنْ إِنَّ اللَّهَ مَعَنَا پھر اسی طرح اللہ سبحانہ و تعالیٰ ایمان والوں کے قریب ہے وَأَنَّ اللَّهَ مَعَ الْمُؤْمِنِينَ تقویٰ والوں کے قریب ہے جو تقویٰ اختیار کرتے ہیں اللہ سے ڈرتے ہیں ان کو اللہ تعالیٰ کا قرب نصیب ہوتا ہے صبر کرنے والوں کے قریب ہے اللہ تعالیٰ احسان کرنے والوں نیکی کرنے والوں محسنین کے قریب ہے عبادت کرنے والوں اور دعا کرنے والوں کے قریب ہے لہٰذا جب بھی آپ دعا کرتے ہیں
SKD_U001_S001_0001_chunk_0022,SKD_U001_S001_0001,SKD2025,22,717.2,746.5600000000001,01e685ea-9187-47e7-9b5a-12f98fbd25de;8ad3434c-36b1-4f41-b29d-73e55af00926;d105e3c7-eab0-482c-9863-486082a2817e;82df09a2-e781-4d42-90e0-2a7b44a946e7;93c830ea-1eef-4b25-b7c0-d6236837f667;4a500aec-1bb7-40fe-8e48-c8c84be64bce;4fb04b0e-545c-4f6e-9ff1-e628c290dd66;12e644c8-9dc5-4bfe-af93-7c0ab434a835;19006e18-b7d0-4c40-9e59-12d885af9317;c12a53d3-8949-455a-9110-b9f452737aa9;dd0f5c2f-e570-453c-a784-8f98ec717f42;77590a19-5ceb-4c54-ab6d-56a0af41ba4d;ad2b3f14-1596-4486-b3ed-0d3011d6d1b6;5542ffa4-41c8-4ca4-b2d7-ddde5bc16dcc;27428e05-711f-4b0f-9630-37271c8f5a70,توآپ ضروری نہیں کہ بہت چلا کر کریں  زور زور سے کریں اللہ سبحانہ وتعالیٰ آپ کے دل کی دعا بھی سن لیتا ہے آپ کی سر گوشیاں بھی سن لیتا ہے آپ کی مناجات چپکےچپکے باتیں بھی سن لیتا ہے کیونکہ جو اللہ سبحانہ وتعالی کی طرف توجہ کرتا ہے اللہ سبحانہ وتعالی اس کی طرف توجہ فرماتے ہیں جو اللہ تعالی کی طرف چل کے جاتا ہے اللہ تعالی اس کی طرف دوڑ کر آتے ہیں پھر مختلف اوقات میں اللہ سبحانہ وتعالی اور مختلف جگہوں پر اور زیادہ دعا قبول کرتے ہیں تو أُجِيبُ دَعْوَةَ الدَّاعِ إِذَا دَعَانِ یعنی دوسرے لفظوں میں دعا کبھی
SKD_U001_S001_0001_chunk_0023,SKD_U001_S001_0001,SKD2025,23,746.5600000000001,776.18,d7583d99-1c4c-4c3b-acde-ef41154d9d59;3e4f6d47-cf93-4054-87d0-34409b38c0f2;6aacb883-f1ea-4d94-8463-c0b7ec13ee9f;8f610c31-9f29-4f38-aa94-b5f73b270051;ea383986-a1e6-48b5-abff-8605a6cd4b24;f9f1bf2c-593b-4048-99e1-de0edc8d2f8d;4a99775c-f6cf-4f6f-ba76-3e1f21958504;743a4178-d316-41cb-80bc-26b08b0e86d2;a456ef7c-b0e2-4f8a-ae4b-6f8771f55554;e3bd24fc-56ff-4f02-bc23-b1eba0f75ee7;3652fbc2-570b-4496-ba9e-39db3ffabbac;6dd5ac38-53a7-4eeb-8b4f-a2bcf7d99387;f3633bac-f5b7-44f9-a6fd-17beca54e8ef;c8fa7742-c8d1-454a-908d-ddc761117929;6aeda62f-fe78-4599-8dcf-5cc0bd1d913c,ضائع نہیں ہوتی رائیگاں نہیں ہوتی یعنی دعا ایسی چیز ہے کہ جب بھی آپ کریں گے آپ کو فائدہ ہی ہوگا اس کا کوئی نقصان نہیں ہماری کتنی ہی باتیں ہوتی ہیں جو ہم بندوں سے کرتے ہیں اور بندے ان کو بھول جاتے ہیں ان کو یاد نہیں کرتے ان کومذاق میں اڑا دیتے ہیں ان کو اہمیت نہیں دیتے لیکن جب بندہ اپنے رب سے بات کرتا ہے تو رب بڑی شان والا جو ہم سے بے نیاز ہے
SKD_U001_S001_0001_chunk_0024,SKD_U001_S001_0001,SKD2025,24,776.18,806.58,2fdc982d-b7ca-454c-a01c-39987944ba83;10945162-231f-45ec-bdc7-13cf9dbce078;a4d70a4a-8b49-4f46-9751-2f2c483066bd;0fe01e74-906f-4c1c-869b-bea14edd854e;3f1a8ba5-f3b7-433f-bae0-6289b51a3b1d;5c407012-cd9b-4b87-a3e6-79912444fc61;61e19912-582f-400b-a4ec-7ccdf9bb1078;8f116148-1f5a-48ff-8233-1f0b10331a7d;b281837d-8834-4448-b5f0-c19250f1a1f3;e117e73f-9382-4b4d-88ee-b22bf286b40d;a571722b-d9fe-4cc3-b401-33445edc62d5;57908742-7696-4977-8f35-e798feed905e;337c5488-0971-4e66-8973-6e58d1802312;02cd064e-c73f-477f-9963-0023dbea05f6;1c1bb8dc-1ce2-4158-a312-9c06809cd56a,اس کو ہماری ضرورت نہیں وہ ہماری بات کو ضائع نہیں کرتا رائیگاں نہیں کرتا یہ اپنے دل میں یقین پکا کر لیں کہ میں نے جب بھی پکارنا ہے چاہے بیماری میں یا اس کے علاوہ کسی ضرورت میں اس نے سننا ہے وہ نہیں سنے گا تو کون سنے گا وہ سب سے زیادہ سنتا ہے جتنا آپ کا اس بات پر یقین ہوگا اتنا ہی دعا کی قبولیت کا زیادہ امکان ہوگا اس کے چانسز بڑھ جائیں تو دعا کرتے ہوئے کیا کرنا ہے اللہ میرے قریب ہے اور وہ میری بات
SKD_U001_S001_0001_chunk_0025,SKD_U001_S001_0001,SKD2025,25,806.58,836.46,d8bb14ad-aeeb-4f46-b122-974103288f0b;9e26745f-b9aa-4ae9-8056-fa6659771eac;cca7e086-8359-432d-bde2-347300cfec3b;2ea71e4b-39a3-4198-833e-26ff1663025c;8ba718f4-9f32-4fc1-b114-e3784cafab19;c3a93e8c-8c9a-40b2-a6a6-1a29f1704dfa;4f3b2a69-85f1-4999-9728-a740e29ef8da;0619f9a0-33d1-4f09-b6fd-f27594fdc6da;d9c64f98-52b2-4f2b-8709-254cf2ce98e4;78a35db5-7bab-424c-a67e-a845751e0653;8570e47f-8757-49cc-821b-d87ec84988be;61cceb74-98f9-4bea-b8fd-450e7f850797;c6195f64-6f5f-49f5-a3b2-61caffcac85a;4bcfa3d7-5859-46be-a955-52136e7a8cc5;39a9d520-18ae-49e8-848a-596f8cf77f86,سنتا ہے اور وہ میری بات کو رائیگاں نہیں کرے گا اور دعا جو ہوتی ہے نا وہ دو طرح کی ہوتی ہے ایک کو کہتے ہیں دعاۓ عبادت اور ایک کو کہتے ہیں دعائے مسئلہ عبادت کی دعا اور مانگنے کی دعا دعاۓ عبادت یہ لفظ کبھی سنا ہے پہلے نہیں سنا عام طور پہ یہ معروف نہیں ہے دعائے عبادت کا لفظ ہر وہ عبادت جس کا اللہ نے حکم دیا ہے ٹھیک ہے وہ دعائے عبادت کہلاتی ہے ہر وہ
SKD_U001_S001_0001_chunk_0026,SKD_U001_S001_0001,SKD2025,26,836.46,866.52,1da1388e-2e91-47e8-a0ce-da978f680356;e87abf5f-aca4-430c-b51f-6cb107092c74;d19c4d87-7834-4045-b519-0c2e85d1ce28;0b357647-b187-4424-a131-b16e9f41c695;7fe712bb-c5bf-4c55-b80b-d0825f3a7b3d;602e0ddd-e3d6-46b3-b621-7263ed0c393f;21c44d23-c08b-4c85-b282-aba448e20f85;0ac2472d-2294-4e37-bb17-15a614444f75;01c63fda-913c-43f9-8447-41258d3ac166;094d2e6c-8f66-4d8f-9c52-9d0e2f6dc8d8;4630d394-6964-4584-b451-90ea488ac704;58b5481a-fe9e-4b6a-8157-32d196a1ce94;95c4e80f-6d0c-4e8a-a02a-50a43bd3c268;2339a517-3323-49b6-9533-dfd14ea2924a;84a30c70-5d0b-4a02-9f64-009a4e762a3e,عبادت جس کا اللہ نے حکم دیا ہے یعنی جب مسلمان کوئی فرض یا نفل ادا کرتا ہے تو وہ دراصل اس عبادت کو اللہ کی طرف وسیلہ بناتا ہے اور اللہ تعالیٰ اس پر اس کو ثواب عطا کرتا ہے اجر عطا کرتا ہے جنت میں داخل کرتا ہے عذاب سے بچاتا ہے یعنی دعا سے بھی کیا ہوتا ہے آپ کو فائدہ حاصل ہوتے ہیں اور آپ نقصان سے بچتے ہیں اسی طرح جو عبادت ہے وہ بھی دعا کے قائم مقام ہے اور جو دعا مسئلہ ہے سوال کرنا
SKD_U001_S001_0001_chunk_0027,SKD_U001_S001_0001,SKD2025,27,866.52,896.28,4bb4f8a3-6d9b-497b-b131-2626d92732a7;28df499a-fe64-4e3a-a361-a080e6fe93f6;87def28c-a5fd-44b9-abc7-4db52132a9f0;0b1a4a87-dbe1-48d3-943f-a64b26691b8a;4e9301e2-63c7-4e14-adad-15976e1f2da3;80f83daa-adb9-43d6-8c64-90662a025368;e15cdeb2-314d-4a63-8643-1338cebc6a43;67fc9ad5-90a9-41e4-b483-7080c87e6905;97f1a7c1-6341-4b39-bf28-150f2863874c;d6c86289-352a-447c-8954-667c49656bcf;1d86cc38-2922-4841-a57c-b668fa196b86;bcbf2311-ef11-4eb0-aa22-4518ac111634;15ed321c-070d-4d18-854e-97f2a36cbdb2;f4b808c9-abcf-47d6-8c73-93454204337b;4c5cac98-b806-4a56-84e8-86459a527a3b;37c97040-cb2b-4860-acec-39ee27b26857;9042aaa2-929d-45b7-80af-514090b294a2,وہ تو خود عبادت کا نچوڑ ہے ٹھیک ہے یعنی جتنی بھی عبادات ہیں وہ کیا ہیں ہمارے حال کو درست کرنے کا ذریعہ ہیں یاد رہے گی یہ بات آپ حج کرتے ہیں تو یہ کیا ہے دعا ئےعبادت ہے یہ آپ کی حالت درست کرے گی وہ حدیث میں آتا ہے نا کہ عمرے پر عمرہ اور حج پر حج کیا کرتا ہے فقر دور کر دیتا ہے انسان کا حال درست ہوتا ہے اب آپ عمرہ کر رہے ہیں ٹھیک اس میں دعائیں ہیں
SKD_U001_S001_0001_chunk_0028,SKD_U001_S001_0001,SKD2025,28,896.28,927.44,080cdac1-18c2-4a07-bf13-437718a4ad6c;20a1fc97-8cf7-4289-8e53-2c5359455cfa;e31d802e-186a-49c5-bc59-b67537f81e37;a33e5328-9857-4d7f-a416-786efde82a13;b16064db-35fd-43a8-a522-e3503308461e;238ebae9-fcf7-44d5-aa1c-5c11171059ba;cf954e84-c4c9-4df3-8f01-688055e86f94;5613c4da-b887-41df-af66-c510d194823e;08ed2182-82f8-49b5-a79a-60eb1fcfe6f1;a39e3b98-7ff0-412d-8bf6-49ec9f42e325;db02d384-dd2d-4017-ac24-8f0965e75019;1124a835-acc8-4ba3-8427-fc6a19bea644;f5b4aaeb-0b08-44de-bdc1-a1b2ca86d3b0;88209edd-cc9b-4671-93db-b326a1c686cf;d6154a17-c26c-49a0-9a77-dd100fb02325;027ebbc7-72af-4d1a-9453-5a9c40724cc8,سوال بھی کرتے ہیں لیکن بذات خود جو عمرہ کر رہے ہیں وہ بھی کیا ہے ایک طرح سے دعا کے قائم مقام ہے آپ کا حال درست کر دے گا کیونکہ عبادت کے ذریعے انسان خیرطلب کرتا ہے اور دوسرا ہے مانگنے کی دعا تو مانگنے کی دعا کیا ہے کہ انسان اللہ تعالی کے سامنے اپنی حاجت رکھے اپنے ہاتھ پھیلائے سجدے میں جا کے مانگے بیماری سے شفامانگے بھوک سے رزق مانگے مصیبت دور کرنے کی دعا کرے قرض کی ادائیگی کی دعا کرے
SKD_U001_S001_0001_chunk_0029,SKD_U001_S001_0001,SKD2025,29,927.44,957.5,34a85a30-07e8-496b-ba77-a1b037e2552d;b26ac34b-2e06-44c9-b4ff-719e084efb34;c846ee6f-86ca-4e77-b7fe-95423aa6f9d6;28ed54be-9e7b-440a-be1e-7742da471883;22ba4d0b-abdf-4387-a5b7-257e68753f31;bab27565-195a-4a56-ba3e-d9d4fbf97118;e6c9d812-1fc4-430f-9545-1eb26a00fcf0;b72fa404-19aa-49ad-ab82-eb78fc37acd9;4fdb7f68-074b-4b86-89a5-ffbb374118d3;44ab2ee4-f1fa-4f87-92ba-c3858e145a21;e1cb7bc6-e065-44a8-a484-c2890cb30fa7;5b99aa34-0b8d-49e8-aeda-1bbeeadc0307;9889ed14-6ab0-4a30-8113-b576526e300d;750746ea-bec5-4552-853c-e8d7492529b6;5aca271e-d57f-4a3b-8c68-277323f4a8df;68eb8642-827f-4bd7-ab11-85e4d39ecade;18a22f68-dd6f-4c1c-812c-f6d8a9b74feb,جنت میں جانے کی دعا کرے جہنم سے بچنے کی دعا کرے قبر میں منکر نکیر کے جو سوال ہیں ان میں ثابت قدمی کی دعا کرے ہر طرح کی برائیوں سے پناہ مانگے یہ ساری دعائیں ہیں دعا مسئلہ لیکن بات یہ ہے کہ مانگنا سچے دل سے ہوگا غفلت سے نہیں مانگ سکتے ٹھیک ہے اللہ سبحانہ تعالیٰ فرماتے ہیں کہ أُجِيبُ دَعْوَةَ الدَّاعِ میں جواب دیتا ہوں اب جواب دینے کا کیا مطلب ہے ایک مطلب ہے میں دعا سنتا ہوں ٹھیک ہے جب بھی بندہ مجھ سے مانگتا ہے
SKD_U001_S001_0001_chunk_0030,SKD_U001_S001_0001,SKD2025,30,961.44,990.86,8aa5ea66-b968-489e-9344-81a59996b429;d65a39b2-b835-4c89-9f2f-6494a7757f81;94de56b7-f690-4690-a3c9-57f0e2900e44;abf0bc8c-fc40-4b3c-aaab-853833dcb0fc;fcf3676e-40da-4889-99b6-69e43a89b4d9;47101950-8dfc-491f-99b4-33ac3ece5e2b;76067bf6-3b21-4a06-9003-dc674a3f8603;d338b384-d6e0-4309-af2f-8572aac6ee41;05d2afc0-e5a8-463f-a94c-79391a91eb1d;e2349b4b-a42e-4e1d-9c83-82fe58f428ff;9640bda8-52f0-4431-9bf4-ad684bed263c;563a4e4a-2301-4e24-b608-94b7fe17977b;3d8e6527-ce7b-425a-8920-604f51606be9;dd609df0-95f2-4518-bed8-936ee2d3e413,تومیں سنتا ہوں کیونکہ اگر وہ سنے نہ تو وہ قبول بھی نہیں کرے گا تو پہلا کام کیا سنتا ہوں اور دوسرا اس کا معنیٰ قبول کرتا ہوں یعنی انسان جس چیز کا سوال کرتا ہے جو چیز اللہ سے مانگتا ہے اللہ سبحانہ تعالیٰ وہ اس کو عطا کرتا ہے اسی سے اللہ سبحانہ تعالیٰ کا ایک نام ہے المجیب المجیب مجیب وہ ہوتا ہے جو دعا قبول کرتا ہے لاچار کی پکار قبول کرتا ہے جب شدید محتاج اس کو پکارتا ہے
SKD_U001_S001_0001_chunk_0031,SKD_U001_S001_0001,SKD2025,31,990.86,1020.4399999999999,9a127113-7d47-4078-9a52-9b9b855251d0;af04fbf7-2ebb-447d-8a4b-2bc84518274d;45d417d9-dd3e-4ee3-b6a9-e9a38021f9f1;1bc6dbc7-73ba-4a65-829b-212df109b4fa;32a62416-7254-4673-807c-c07a8e6e021c;83799579-eef0-4706-b11b-9811ebd8451a;1f6b4c67-650a-4979-baa5-83c840cf61f3;dff7b551-881f-4882-95f1-58e2016f6d3b;d02e3a2b-8127-4822-9ee9-b2d61d146a69;be0ee097-a1c9-41f4-9499-e7f672e8183e;07e79eda-b886-4e5c-a3ce-cb438eae390d;52db64b1-d9f1-4a6a-9af4-918c7cdeee1a;36abb42b-5512-4a26-b3b1-bcd7dee85c30;b62e024e-2ac6-4249-a502-d6236fa3fc6f;3e076769-9a20-4ba7-8e78-6f66b1627cab,تو وہ اس کی مدد کرتا ہے اپنے بندوں کی تکلیفوں کو دور کرتا ہے اور بندہ تو ہے ہی محتاج قرآن مجید میں آتا ہے يَا أَيُّهَا النَّاسُ أَنْتُمُ الْفُقَرَاءُ إِلَى اللَّهِ اے لوگو تم سب اللہ کے محتاج ہو سب کے سب ضرورت مانند ہیں بڑے سے بڑا جو بادشاہ ہے وہ بھی کیا ہے محتاج ہے اللہ کا ضرورت مانند ہے تو ہر ایک کو اللہ تعالیٰ کی ضرورت ہے اور پھر اگر ضرورت ہے تو پھر مانگنا بھی اسے اسے چاہئے اگر ہم محتاج ہیں
SKD_U001_S001_0001_chunk_0032,SKD_U001_S001_0001,SKD2025,32,1020.4399999999999,1049.6399999999999,e80c05e6-77d1-4ad8-b6fe-159b5e69c19c;95999c60-8134-47eb-a657-575f28fd741c;7efd5562-8722-42e9-8aca-63db5cdc1782;3dfec3fc-1b26-4da6-9e6e-271bc75d76c8;e743b25e-d83c-40e4-8c9f-a735a76ceeb7;19160635-aa4c-4ec4-b3b1-65e45a1e225a;e7bd7561-8b3a-4ec0-8136-d5ec72b57ada;176edc33-26fb-43f9-86c6-caeea29f2649;de7efcac-7b39-47cb-9055-410b69b4d85b;0023676f-c3e9-4d8e-ba88-e7419c297145;a60732bf-0947-4fb1-bff8-ee0758022a74;e1283651-2f92-4f61-a810-86193ccd880a;8431d9f0-2999-4b04-b208-8359a04eddb7;9fea2911-4203-4be4-b851-78932be0d699;8d500d6c-3067-4c08-8cc1-155caa8c37d2;2386a192-940d-4127-94ff-f03c936ac3d2;490c3eaf-20fd-45a8-a786-23d887374e54;1d4061cf-8a54-46b7-81b9-3337f8a9d074,"تو پھر ہمیں سوال کرنا ہوگا ہمیں دعا کرنی ہوگی اچھا یہ بتائیے کہ دعا صرف انسان کرتے ہیں یا کوئی اور بھی کرتا ہے کوئی دلیل دیجئے مجھے اس پر کیا صرف انسان ہی دعا کرتے ہیں یا کوئی اور بھی کرتے ہیں فرشتے  دعا کرتے ہیں شاباش اور چونٹیاں بھی دعا کرتی ہیں اور سمندر کی مچھلیاں بھی دعائیں کرتی ہیں کس کے لیے آپ لوگوں کے لیے جو خیر کی تعلیم دیتا ہے طالب علم کے لیے بھی اور کون دعا کرتے ہیں چونٹیاں اور مچھلیاں تو وہ حدیث میں آ گیا/
كُلٌّ قَدْ عَلِمَ صَلَاتَهُ وَتَسْبِيحَهُ"
SKD_U001_S001_0001_chunk_0033,SKD_U001_S001_0001,SKD2025,33,1049.6399999999999,1079.4799999999998,78d67e07-f392-4b8e-a4c0-5353548b5d7c;a71558f3-9994-4398-9082-3ba8f5b16989;57e6e19a-cf73-401c-b808-ba2d92ac204d;1dc12336-8af9-41a0-a1c5-83fae2cc06df;37d8e90e-dfc0-43e4-9f14-5f1892c93ec8;52f6a86e-b37d-4074-95e6-0732d4e5f7e1;ad0cb36a-9592-4754-99a5-cb610314b828;d684d361-740d-430d-b229-75622a0473a4;35c62750-4687-439a-af64-4ae10723fa5d,دیکھیے ایک آیت یاد کر لیجئے سورت الرحمن میں آتا ہے يَسْـَٔلُهُ مَن فِى ٱلسَّمَـٰوَٰتِ وَٱلْأَرْضِۚ كُلَّ يَوْمٍ هُوَ فِى شَأْنٍ تو پھر کون رہ گیا باقی صرف چونٹیاں مچھلیاں نہیں يَسْـَٔلُهُ مَن فِى ٱلسَّمَـٰوَٰتِ آسمانوں میں جو بھی مخلوق ہے ہمیں تو صرف فرشتوں کو پتہ ہے نا
SKD_U001_S001_0001_chunk_0034,SKD_U001_S001_0001,SKD2025,34,1079.4799999999998,1110.24,674c31bd-8b6e-4552-b919-fce07b0e5fc7;842091dd-24bc-4942-bdb7-5c202b2909f0;64395ec2-7f18-4c7b-863a-8defb260cb12;7ab9364b-432d-449c-97e9-b8e27d5dd330;27c8f07e-94d6-4c3e-aedd-a9dddedca209;fa224375-5f43-4219-a38e-7c0b09ca78f2;7a8ccb9f-22ac-4134-9020-85fe5547f5ce;78b1e988-551e-47cd-a4e9-5fd4fca802c4;6b922776-5f50-42d9-9b21-f46f5679ab9d;a0aa2fe9-a1a1-4cbb-8137-121ee62fad5c;1ea44bd4-8cc7-40fd-8cf3-0a4b2a4d0823;0f5c0233-19bd-4d70-ad8c-71320979fc3e;fc8a1188-bc43-4f5e-81bd-7288d8ace1b0;15dc930e-18b1-4040-b41b-01ca709fd6da;4690fa03-662f-4e79-b8a4-f595bd17868a,اس کے علاوہ بھی جو کوئی ہے وہ سب سوال کرتے ہیں اللہ سے والارض اور جو زمین میں وہ سارے کے سارے وہ سب سوال کرتے ہیں اب آپ دیکھیے کہ جو اللہ سے نہیں مانگتا جو سوال نہیں کرتا وہ کتنا محروم ہے وہ رب جس سے سب مانگ رہے ہیں سب کے سب اس سے سوال کر رہے ہیں انسان ایسا متکبر ہے کہ وہ اللہ کے آگے ہاتھ نہ پھیلائے ہر روز وہ ایک نئی شان میں اس کا کیا مطلب ہے اس کا مطلب ہے کہ اگر آج آپ نے دعا کی اور آپ کو لگا کہ ابھی
SKD_U001_S001_0001_chunk_0035,SKD_U001_S001_0001,SKD2025,35,1110.24,1139.78,1954acb5-15cd-4b61-84e4-afa9b7cd55be;58a01f8c-217c-4971-9e42-375a94130e34;d0f6aadc-9bd7-4783-bdbd-5ab79a2c25ca;68d40a14-ae48-49f9-9c6a-86797ae95f23;085a45f8-06ae-4607-a871-7b0f658f6cbf;b9847d3f-d1f4-4bbd-b25c-bd886bb3fb48;b2df0f00-29d6-4278-87fb-08918105a944;1b30976d-b17d-4ed6-948e-e9d9c35f65c2;f4f6922f-d548-4e14-8475-ef6b84a00e65;2d2ea018-e129-41a8-b0ad-a0dfd46b5a5a;0ba66e25-dee0-4385-a494-6433eeabebd8;5b157485-415c-4ea0-a8ac-d5583dba8e88;bbd058e5-d3c0-4923-848c-79121cf76447;e05c38e7-bbc3-4777-9056-04af3f50dc1c;f487fd9a-2a3a-40c7-b7b5-46568034f996,جواب نہیں آیا تو پھر کیا کریں مایوس نہ ہوں ہو سکتا ہے کہ کل کا دن ہو آپ کے جواب کا ہر چیز کا ایک وقت ہے نا وہ اپنے وقت پر ہوگی لہٰذا منزل کے قریب پہنچنے تک یا مقصد کو پا لینے تک کیا کریں دعا کرتے رہیں آدم علیہ السلام نے دعا کی تھی جی ہاں نوح علیہ السلام نے دعا کی تھی یاد آ رہی ہیں نا دعائیں میں mention نہیں کروں گی اس وقت یعنی کہ پہلے انسان اور پہلے پیغمبر سے دعا شروع ہوئی اُولوالعزم پیغمبروں نے دعا کی نوح علیہ السلام
SKD_U001_S001_0001_chunk_0036,SKD_U001_S001_0001,SKD2025,36,1139.78,1196.28,66c31103-fade-43ad-b043-b85b546333f1;702f53e6-ee47-4d14-bf45-02ff8d92fb78;07d114b9-e86d-43fc-8e79-c95af3b0b53f;93fef4c3-a7c7-46cd-bb45-2443c3712612;d1c4c985-7a09-474c-b07f-7e7b657655e7;352ddb39-861a-4d38-8093-010254842920;09bc59e1-30a3-45df-ba91-aaa715f17d45;c042ad93-cb0b-4562-a204-ded709fe8b64;967eb5a4-bc4a-4482-b704-e1c48b47c084;7195b921-7769-4bca-9f23-e214b58bace9;63d62b27-cf60-454e-9553-bb6f4fcfb1c2;26b5320d-0679-4c6d-a6a3-b8fcc192ec97;233e6500-d71d-4855-9b42-73ee411b88a7;d2abc9b1-7821-4e44-8410-64e0e0d7b67e;4a110dd1-026d-4175-acc3-a0730571b117;90d04042-9fec-41ef-93f2-2ca7986e5ccc;0131646a-7efe-4883-8fd0-08afb439a610;6e9719bf-891e-4bf2-b338-d29d62fd22ef;81fdb3d1-20a9-44f4-b28d-0c36a38e8342;0b52a621-9ab4-4dca-88fd-65e8ce912952;b3ca1f80-26d1-4f34-9477-3c35dec0d067;e8a8450f-0e4b-47f3-9c6f-88a833a71991;3bfb18d4-1117-4741-a455-bd25157f09f9;b111406c-4861-4287-b3a6-26a818eb2d67;62879ef5-f664-4611-8c62-e20d9f5a01f2;a6e689ee-eb25-41a5-b8de-b959e295ebae;28eb1287-b76f-4645-918d-2ccc0fe8361b,ابراہیم علیہ السلام موسیٰ علیہ السلام عیسیٰ علیہ السلام محمد صلی اللہ علیہ وسلم ان سب کی دعائیں ہیں نا قرآن میں سب کے سب نے دعا کی اور اللہ تعالی خود فرماتے ہیں وَقَالَ رَبُّكُمُ ادْعُونِي أَسْتَجِبْ لَكُمْ إِنَّ الَّذِينَ يَسْتَكْبِرُونَ عَنْ عِبَادَتِي سَيَدْخُلُونَ جَهَنَّمَ دَاخِرِينَ اور تمہارے رب نے فرمایا مجھے پکارو مجھ سے دعا مانگو میں تمہاری دعا قبول کروں گا یہ وعدہ کون کر رہا ہے اللہ تعالی پورا کرے گا نا یقین پیدا کریں اپنے اندر ٹھیک ہے بے شک وہ لوگ جو میری عبادت سے یعنی یہاں دعا مطلب ہے تکبر کرتے ہیں یعنی دعا نہیں مانگتے اللہ تعالی کو تو پتا ہے عنقریب وہ ذلیل ہو کر جہنم میں داخل ہوں گے تو اس سے کیا پتا چلتا ہے
SKD_U001_S001_0001_chunk_0037,SKD_U001_S001_0001,SKD2025,37,1200.6,1230.76,e0d7ea58-07f7-4563-af35-0e9d1d3f596e;0cbf588a-ccfa-496a-b17b-46f3d4170193;c71586fd-ac7a-43cb-9dd1-7cc6f521a603;52d99b9e-044a-4b10-b652-ed17dacd9d9d;4ca6ee73-1d8a-4f3e-a3f5-d395eb5815e9;5732dd6f-bba7-460c-9e8f-d1bcaf1e7dcf;de0f2a51-7601-4577-acb7-6ef23202990d;116ba0b0-f23d-4eda-b45e-f35c8c8f4184;3adb0e48-d3d3-42ea-9488-1257a220806f;3222e677-b2e4-45e9-9cb1-ab8766c7413a;6153001a-c527-4d3c-8408-a2ee1412cde5;a7fe9ae8-ae4d-40e5-bedd-42f4e77d7a74;603373af-0a67-42c6-b0fd-6857886017b2;185e4daf-6d17-4db7-a505-047a20e5162b;f0674b8c-7943-4ba5-9fb4-7d30c8e317a3;2b8fc935-60bf-4afe-8ce2-776b18a90eb9;0a3b4956-0333-4c20-95f2-d6ced5470c3d;f64471ed-b7a1-4a9d-bb1b-61d47ec9b587;96ce845c-4264-426c-8e0b-c7d1e274dd53;5548e7e4-dd7d-4c03-a6ff-00dd829a4eec;bc44d3f0-284e-43ab-8a9b-1c8229bfe591;3a13edd0-a255-4d8e-9e45-0df5b5c82ee0;9b6fbebf-0bab-429a-861f-05f5c5c63fe4,کہ جو دعا نہیں مانگتا اللہ تعالیٰ اسکو پسند نہیں کرتے یعنی دعا نہ مانگنا محرومی ہے بدبختی ہے کوئی معمولی گناہ نہیں ہے تکبر کی علامت ہے اللہ تعالی کا حکم ہے کہ مانگو وَقَالَ رَبُّكُمُ ٱدْعُونِي مجھ سے مانگو مجھے پکارو کیونکہ دعا اللہ تعالی کے ساتھ ایک communication بھی ہے نا communication ایک connection کا ذریعہ ہوتا ہے ایک تعلق کا ذریعہ ہوتا ہے دعا کے ذریعہ آپ کا اللہ تعالی کے ساتھ ایک تعلق بنتا ہے اور اللہ تعالی پریشان حال لوگوں کی دعائیں سنتا بھی ہے ایک شخص
SKD_U001_S001_0001_chunk_0038,SKD_U001_S001_0001,SKD2025,38,1230.76,1260.3799999999999,0ad43efc-0e40-4759-a2da-a53bc0e72d9c;cccca0fa-09c4-4122-9070-74e0ca084bca;d9382609-aaf1-4a74-973b-4ceb24f9a989;0d37515e-d1a1-43fd-83b7-a002472e66a7;8891c43f-0d9d-41cc-8ad0-c641cf86d3ca;3b641452-f1a6-4d44-bb18-31544f7467f3;78728a10-4e38-443d-874c-9e6f0d2c38a0;e6d230b9-d1f3-42d2-a121-0d475b988869;d1c62079-3d4c-4ba6-b410-0624d3ee99a4;b28857cf-52d9-4512-918b-fc655a6c189c;2647f20e-7842-4e8e-abe2-209ad7287b2d;0ee3316f-7a3f-43a4-bc4e-3fcd77f4b5fa;527f1734-34b8-46e4-b7c5-d7bdf36d07fa;b20ee723-c1b4-478b-accb-fba0dbbfb78e;1b38783d-b52f-4d82-a55c-e9ccfa092f2d;1240bcce-825b-4658-b269-21a5508c4a0d;04d9e04b-ac22-46ea-8e2b-3b944e267676;5ee11556-540a-4c2a-a4a5-a6916dfc9b5b;fb7c1c2e-c7f9-4d2b-a372-d0976e776482;d9eb240f-ce92-4a68-9584-8bda4efcf2db;5be38297-01b8-452f-8e6b-faff95ac587f;b7c56554-163b-41b7-9b5f-704058822edd;98f21f08-a5e5-4c2e-9856-edfaca54f1ba;815b8501-14d3-43f4-94f8-fae0417f2492;284b65dc-6a5f-4092-a292-75ffe3322233;7aa30861-2513-421c-a2b4-1467cd26722a;174047f9-c3ad-4c36-b311-8ca02d2a8a7c,رسول اللہ صلی اللہ علیہ وسلم کے پاس آتا ہے پوچھتا ہے آپ کن چیزوں کی دعوت دیتے ہیں یعنی آپ کا دین کیا ہے آپ نے فرمایا میں اللہ کی طرف دعوت دیتا ہوں یعنی لوگوں کو اللہ سے جوڑتا ہوں جو ایک ہے اکیلہ ہے وہ اللہ کہ جب تم پر کوئی مصیبت آتی ہے اور تم اسے پکارتے ہو تو وہ تم سے مصیبت دور کر دیتا ہے دیکھیں اللہ تعالی کا تعارف کیسے کرا رہے اگر ہم سے کوئی پوچھے کہ اللہ تعالی کون ہے دین کیا ہے تمہارا ہم کیا جواب دیں گے دعویٰ کا طریقہ کسی کو اسلام کی طرف
SKD_U001_S001_0001_chunk_0039,SKD_U001_S001_0001,SKD2025,39,1260.3799999999999,1290.76,9eff29bf-637e-4c2f-9e2c-852e5f8e6162;973a9a8b-30ae-41f9-830b-741f32ad8f55;765a364d-9bca-45f5-8dc2-020aa4b05ba1;7e1d6565-bb59-4906-8a4e-16684bf06abd;b5c9ad7f-3110-4c4a-93f8-539ad9e1b538;e4bc13b5-b7e8-472f-b523-824b702be9bf;525a84db-a8a8-489a-80e7-a278a64d22bf;d4da0aaa-a723-4d5d-b0cc-e15bee64a4d2;ab55af8d-47ad-434b-a3f9-6e6a50320a73;05eeb707-8a14-489e-9d00-846b2945795a;aa0048bb-a1e6-4021-af07-465de25d8f2f;99e6a2c3-0bd4-4660-923b-0bb0298a24be;307cc03d-7e7e-47f3-9a17-6b882cac00cd;1429a65a-a9ef-4f7d-b198-e35f3d7eda6b;4306f150-6d05-4e20-b9dc-47298fb586ee;487c1201-3486-4b9d-8c1d-805afc43737d;813b468e-f97d-4899-bd94-977eea4150ab;0039dd51-01f1-4219-8bb8-ef11be2d5271;aad8cea5-63ca-49c5-91a2-ef8932107082;6e84ac47-2f51-49a9-9ff0-0a3ca4323a99;8438fd14-7a09-4182-8d71-d57188018e83;ca2dbac2-35c4-4520-854a-f431a2c819ed;29706225-39f6-46f6-b017-0523676a025d;9a3b7b4f-70a1-4b45-9123-2bd358aee07b;23c87799-e98d-4b0d-a480-683ce2f7fed3;3722b5aa-72af-4100-b089-a68377952f61;066ca19e-1473-4b77-af47-423db1ffa71b,بلانے کا طریقہ بھی سنت سے سیکھیں نبی صلی اللہ علیہ وسلم کی سیرت سے سیکھیں کہ آپ نے لوگوں کو اللہ تعالی کی پہچان کیسے کروائی آپ دیکھیے کہ ہر شخص کی زندگی میں کوئی نہ کوئی تکلیف کوئی نہ کوئی مصیبت اور پریشانی ہوتی ہے وہ اس کا حل چاہتا ہے تو آپ نے اس کو رب کا تعارف کیا کروایا کہ رب وہ ہے کہ جب تم پہ کوئی مصیبت آتی ہے اور تم اسے پکارتے ہو تو وہ تمہاری مصیبت دور کر دیتا ہے اچھا وہ ہے رب اتنا اچھا رب ہے جب تم کسی بیابان اور جنگل میں راستہ بھول جاؤ اور تم اس سے دعا کرو
SKD_U001_S001_0001_chunk_0040,SKD_U001_S001_0001,SKD2025,40,1290.76,1320.56,91b46e4a-07f6-4940-890a-0289da9b5943;e0680f84-3e8f-43c8-9df7-61f06abe158d;38e938d1-1207-4810-aa54-9227fee1aa47;15c960ba-2b80-4b31-8129-41cab4f7922b;59cc5afd-ed9b-43e3-9d3d-544339662306;62806ab6-b662-40ec-888b-2b15bd84e28c;032237c2-c41d-406a-b398-936acfa94f0c;845f9440-3359-475e-a01c-730cdee49830;a57fbd60-5ee8-448a-8f05-1dab69a86c19;edb2f733-be8c-4a4f-955b-07dc84f3fe07;5ef85962-bb79-4f19-a0c8-b1f8d03abdc5;71d731ae-11e1-4656-aac6-ec213a4ff64a;089a402a-097f-4bba-8094-4ae8ef1c5ea5;d5b8246e-279e-4469-8471-063fe7695f41;c4670c02-790a-45c1-9a9d-fa5ac8caec89;cecfe108-7b7b-4b0b-9fc1-aa9551788235;2c5e53f2-ea96-4869-8776-998749a441ee;5daf4200-cdac-47c6-810c-a69a9b3f359d;71ed85cb-5d3b-454a-8fa8-58d902cc98bf;2a44e327-ff8a-4b49-9904-19bc0960329e;88f664fb-e616-4f6e-be47-c2afe565b48b;92406019-1d7f-4693-b878-4f062797cc75;af8d4165-aaa7-42bf-af7e-4a7b120e0a32;b904e3d8-8d30-4b0e-9a8a-12b9f2199547;43780597-0f36-46e8-b434-5c188e5c8035;0c52bd45-154c-4cdf-a9e7-de4131313fc7;cc0d19c9-b84d-48f0-aa5c-e8a23a244fdc;f8a43ba7-2d2f-4168-9738-248d8e183577;28fbe0ad-1b16-43e2-a3b6-28f23506cfc3;5434fed4-bf01-4677-a491-bec528891f65,تو وہ تمہیں واپس پہنچا دیتا ہے دعا کے ذریعے تمہیں راستہ مل جاتا ہے اس سے کیا پتہ چلتا ہے کہ ضروری نہیں کہ انسان جنگل بیابان میں ہی گھومے بعض اوقات زندگی کے سفر میں انسان کو نہیں سمجھ آتی کہ وہ کیا کرے تو اللہ تعالیٰ دعا کی وجہ سے اس کو راستہ دکھا دیتا ہے اور جب تم قحط سالی میں مبتلا ہوتے ہو اور تم دعا کرتے ہو تو تم پر پیداوار ظاہر کر دیتا ہے وہ تمہاری فصلیں اگا دیتا ہے اس شخص کا ذہنی level ایسا ہی ہوگا اور اس کو ایسا ہی رب چاہیے کہ جو یہ سب مشکلیں اس کی آسان کرے نبی صلی اللہ علیہ وسلم
SKD_U001_S001_0001_chunk_0041,SKD_U001_S001_0001,SKD2025,41,1320.56,1350.3000000000002,90b0844c-6ca5-4ee4-80c2-92af61b4ce2a;ad825933-0b33-485f-8519-044e3ecef811;0cdaf289-527d-4f26-891c-5949d7bc0988;ce665681-d53d-4097-95a8-d8582e5e2f74;a23cb7e0-37d4-4dec-a441-6daebffea4d7;a110def0-b11f-4d92-89fd-c66152f15d69;85ae0e19-659f-4e20-ae20-66a6a87e0862;eaf44795-75a9-4833-8bf8-c9ee0b8fcfc4;df78c12a-b93f-4427-a39e-bf9a67811646;c7adc8b3-3cbf-40ae-a562-6945c12dc276;c5ae394c-675b-44de-ad19-7b88d0dc7852;a872e0c0-e835-4cdf-af39-ed2c71126ebd;8b655aae-8744-4903-844d-ab00eb94c8a4;7fa085d3-b2cf-4759-821a-a75377729791;c957834e-3ff4-4ac4-b4f5-606d920a1325;48bfd08b-299b-427d-b88a-8d9b30320543;ce11ec62-6732-4935-a4d1-3bcfc41c131c;de431085-65c0-435d-8afa-aec9505fd9aa;e56d025d-4069-4790-a511-01aa3cd7e538;05a08411-2a05-498a-8379-b173f23d6d47;be620540-f60b-4d02-aa47-25283dbea3b6;91da7086-4ba6-4f7d-857d-ee5c8a92a175;991d57d5-4dae-4215-b3b3-810af4fdec87;cd1be4b1-dfd0-42fc-914c-d66e5d2e09d2;88e0c238-f15c-4116-bd6d-16d0d838c91d;f436eaf7-afe4-47ee-a5d2-fbb1b64188a9;01cb7c34-b72c-4578-a494-52d3512c7fbc;0fb96904-1865-4299-8b90-97999b27170f;c6865cb3-00bb-4428-b027-4956fb6fb7e3;a96242cc-26ca-4b55-96a8-33be8f2ac919,کی ایک اور خاص خصوصیت یہ تھی کہ وہ ہر ایک سے اس کے ذہنی سطح کے مطابق بات کرتے تھے اس کے نفسیات اس کے مزاج کو سمجھ کے بات کرتے تھے اللہ تعالیٰ کو وہ انسان سب سے زیادہ  پیارا ہے جو سب سے زیادہ اس سے مانگتا ہے کیونکہ ہر موقع پر جب اس سے مانگتا ہے اس کے ساتھ اس کا connection بن جاتا ہے اور اللہ تعالیٰ کو وہ شخص سخت ناپسند ہے جو اس سے نہیں مانگتا مشکل میں ہے تکلیف میں ہے مانگتا نہیں بیمار ہے پریشان ہے
SKD_U001_S001_0001_chunk_0042,SKD_U001_S001_0001,SKD2025,42,1350.3000000000002,1379.68,1cf7e9e0-9a03-4d29-8b4e-11a938275d2e;d23302c5-4373-4431-8a8f-b55dc62bc82e;aabe3fa0-4e16-4d69-8a40-864eafaac6c8;c05c5cd1-125a-453b-87fc-9a56d61ae7bc;53035cce-30bd-4c61-9cb7-ce19c7dc246e;16b413b5-fcff-45d2-8d58-2260990d81ad;bcff4e07-25c0-4361-8936-69762b8d2410;57da4a8f-a2bb-498d-b649-ab07f50078d3;741bb971-e71f-479c-ae74-8b53b59a0991;0f562e79-947f-4d39-a806-7a313541b6d5;d63f009c-589c-457c-924e-023476ccc25f;569fb6d6-a224-4fc5-b427-ba53db93d690;369c0dc6-fc42-4d62-91df-56354f0be927;2dc50b9d-6322-400d-9434-3ce0c626ea0c;fb8227b0-3675-43b2-9a94-07c3d5a95693;3a2c4dc4-0154-4cf6-b1e8-55a8d61705d0;0a0a0c4a-a459-4755-8656-6955b865aad4;d93ff01f-7010-4129-bc0c-7917c8ece934,اللہ سے نہیں مانگنا دعا نہیں کر رہا لیکن اگر ہم چاہتے ہیں کہ ہماری دعائیں قبول ہوں تو پھر کیا کریں فَلْيَسْتَجِيبُوا لِي وَلْيُؤْمِنُوا بِي لَعَلَّهُمْ يَرْشُدُونَ یعنی چاہیے وہ بھی میری بات مانے تو جو شخص یہ چاہتا ہے اس کی دعائیں قبول ہوں اس کو کیا کرنا چاہیے کہتے ہیں نا فلاں بہت مُسْتَجَابُ الدَّعَوَاتِ اس کی دعائیں بہت قبول ہوتی ہیں کیوں بھئی کیوں ہوتی ہیں نافرمانی سے بچنا اللہ کی اطاعت اور فرما برداری کرنا اچھا آپ بتائیں آپ اپنی زندگی میں
SKD_U001_S001_0001_chunk_0043,SKD_U001_S001_0001,SKD2025,43,1379.68,1409.26,e8d63877-44e0-41e7-a1a5-71f11b671e72;1964aa9e-4387-491d-bc91-aedb574078a8;251c165a-5fec-49f0-9920-f34028e09f94;acd4a1d6-a5ee-40c2-8007-20126db9050a;a628e276-2c72-4ada-bac4-013cc8b25172;c1f8588c-cd92-48b5-8e97-13d8d4f19a2f;9d309a82-d17b-45ce-a1b1-925dd6d2c9a2;dbcdb81a-eede-4f9c-ab32-8b971b5d819d;f9c10995-fcd4-4ffc-a7ec-859c9afde42b;853dd49e-dbba-4fdc-866b-b6ee3aef7764;a9e7a2e3-66fa-4021-a24d-06502127d411;f21c8fb8-0408-4d2d-af61-d73a9201c986;9bbbe376-39eb-4ba8-9623-c40e10c448c4;7ade8621-5304-48c9-8245-3b8cc2519916;f8977409-0f49-40b2-b0fe-542c603d4868;0a688f33-d565-45ae-8b9e-ac4060044456;4aa5a750-34bd-42ac-80be-5d626a1e072b;4205167d-d61c-49ed-ae9a-51d110d242ad;836a5868-fda9-4352-845d-b1b3f0e31f74;5286412e-8917-4a46-be0c-b5cdee89d911,سب سے زیادہ کس کی بات مانتے ہیں جو آپ کی بات بھی مانے تعلق دو طرفہ ہوتا ہے یا نہیں کوئی بھی تعلق one-sided ہو سکتا نہیں ہوتا تو آپ کا اللہ تعالیٰ کے ساتھ جتنا تعلق ہوگا اتنا ہی وہاں سے بھی جواب آئے گا فَاذْكُرُونِي أَذْكُرْكُمْ مجھے یاد کرو میں تمہیں یاد کروں گا تو جو مانگے گا اس کو مل جائے گا اور جو اللہ کی بات مان لے گا اللہ تعالیٰ اس کی دعا قبول کرے گا جو اللہ تعالیٰ کی اطاعت کرے گا
SKD_U001_S001_0001_chunk_0044,SKD_U001_S001_0001,SKD2025,44,1409.26,1439.6200000000001,e5f31326-49e5-446f-bca5-2d444b0a4505;03dcc43e-2277-49c9-b0c0-3b9ff4fb951f;a9a92257-ab78-49ad-8c04-05e05f0cf5bf;d0c6d2cd-6f43-4648-9ad0-36eac889c440;1b019a30-8de2-4fff-81e8-2e5d811db9ea;681c35d3-1a2f-4a01-b46c-eb9d5fa90c30;5576fb79-1949-4dda-ac21-20ae562a689e;a31c9da2-b8a1-4c9d-b426-f09aabad5175;1023cda3-06be-4b38-a3c0-f50126037bf7;e7d66e80-ffd2-46c9-9f2e-2879afb1ecd5;a169b38f-0237-43d9-9f26-f6ac42ea8338;206a8d61-3aa5-4820-bfc3-af5b9892eb54;f15f1c2d-be06-42f3-8a42-c21780e68298;d0c85cc3-4dca-4271-b10e-b4b5053c271b;2c56b35d-389a-46ef-8922-283db462d01b;429ce0e2-a654-4c58-b84a-3651700d86e9;9c1dc3de-93bf-495a-bab9-a80f5fcb98ad;f575c99a-36fe-4ff6-8cdc-3e47cbc21f96;43070ea4-6829-4ae9-93f1-6b6c7c4cee40;41301aab-9617-4c0b-92d8-a14fd971c4f1,اللہ تعالیٰ اس سے راضی ہو جائے گا اور یہاں آگے بات کی گئی وَلْيُؤْمِنُ بِي چاہیے کہ وہ مجھ پر ایمان لائیں مجھ پر اعتماد کریں کس بات پر ایمان لائیں ایک تو نہیں کہ اللہ کو مانتے ہیں وہ تو ٹھیک ہے اس بات پر ایمان لائیں کہ میں ان کے قریب ہوں میں ان کی بات سنتا ہوں اس سے پتہ چلتا ہے کہ جوشخص جتنے یقین سے مانگتا ہے اس کی دعا اتنی قبولیت کا درجہ پاتی ہے تو ہمیں کیا کرنا ہے اس یقین کے لفظ کو آپ نے encircle کر لینا ہے دعا یقین سے پکے یقین سے قبول ہوگی
SKD_U001_S001_0001_chunk_0045,SKD_U001_S001_0001,SKD2025,45,1439.6200000000001,1468.4199999999998,524d6235-eddf-4180-bda2-28034a0ffdca;14eb4978-2f90-4607-94eb-cff360e8ca87;f1ccb273-209f-4741-acf8-20fc0693e27d;61c82746-348b-4187-bfdb-11bd8eff3d2c;854a8bd8-1837-4db0-84a6-de425ba0fa76;9d9d4a5e-de50-47db-b6dc-6f58441664fd;c5068a7e-35e4-4a06-9685-9caa732cac42;3d8c8025-3177-4f1b-ab36-6d20251cbc29;02b26e4d-e6f3-4abd-ac7a-36308df6521f;935bd10e-39bb-4949-8cb8-c8cb64af034c;2dec0ed7-58e2-48a4-9db0-8d071d221589;fa128564-4ccf-4476-808c-7dd4f3a98180;f03a93d6-f897-48b6-af6e-abb3f76eaf12;da655ba1-da26-4ff8-8ae1-9ab7fc878f07;4261addd-907c-4d3e-8a4f-6fa8b92dc95e;020aa8c3-4e2f-4b5c-8820-b76374ade81d;a3dfa857-45cd-4163-8677-a0e5e4ea6bf8;518372e9-0305-4be2-afa3-bb7636ae3c8b,شیطان کا بہت بڑا وار ہوتا ہے وہ دل میں یہی وسوسہ ڈالتا ہے تم بڑی گنہگار ہو تمہاری دعا قبول نہیں ہونی لہٰذا اس نے انسانوں کو کون سے راستے دکھا دیا کہ تمہاری نہیں قبول ہوگی لہٰذا تم اب پیر فقیر کے پاس جاؤ اگر زندہ ہیں تو اور اگر مر گئے تو ابھی انہی کے پاس جاؤ اس سے بھی بڑی عقل ماری جا سکتی کسی انسان کی کہ وہ مردہ کو پکار رہے ہیں اس زندہ عالی شان رب کو چھوڑ کر حیرت کی بات نہیں آپ کو کیسا لگتا ہے زراسوچیں
SKD_U001_S001_0001_chunk_0046,SKD_U001_S001_0001,SKD2025,46,1468.4199999999998,1522.44,4ea8db97-b802-44d3-86ef-ddb9f4764fe7;ccc02298-b8e6-480c-b99b-a2966b59477f;d33ce526-7cf2-4972-b9b1-bfe9f7462446;cb10eed4-7438-4887-a435-0ec86e3cd818;894e0a8f-63bd-4256-a6b9-6d1d3c953ea5;34746be2-060f-4987-bd47-7bb0ab70727c;386dbdd4-8bc3-45b8-9693-363800d056a1;c7f546a5-a439-411a-8bf8-cb3e18ef33d5;650cab2a-4fd3-41ad-891e-a5f5177ff1af;68084a78-3d30-4e5c-80f1-cf61b72a76d4;ca2af690-97ad-4420-ba70-5a1abded4e62;bbf87701-39ec-43da-a358-54adfa7f3907;28bc4c1e-cdd4-4455-b00d-c65dcf681aed;c964f8d5-e63d-41d3-9d8b-3a64138fa8ab;8ef952d8-a185-47de-8bec-58e41e54611d;1bdd6a35-89f1-4886-991e-65291bf0b8e8;7ee95a3d-bfcb-42d2-a650-e8197e8f5588;c9878b0c-ff29-42de-94d4-9b73f02acaac;33ccac1c-1d4c-4631-8f7f-6fd6a7aea880;f93f4d29-8a94-4fec-8ea2-ed96773ed36e;5ff0db1a-151e-49ab-85a3-cb4d9f931e87;3a92cd14-ca10-489b-908d-4c630d187dc5;2374ae77-b101-429e-830d-a5ccfd6e321a;079ac7c6-6769-4b6b-8886-99ce23817a17;cc05dbc2-59e1-4f8a-a125-8e01d5bace3e;9dc011ce-dbed-47c0-a3de-1e408c689ea7;033c94f8-5284-4272-8153-c23c8db29493;1f8da28d-4a06-4c26-9aad-d9acdb6be87c;ea576564-f78f-4a90-878e-b84839da151f;7f9ad903-b383-479a-931d-2361275be55c;33a8b96e-ad87-48e1-bd39-27feb923f480;1534744d-bdba-45a7-80ff-70ab6acb4aff;5fd8d951-58ae-41d6-becb-89bd583c358c;f7891add-f5b3-4302-937d-48d8e6b41453;b60a57d9-487b-44d8-8875-5886d16409ce;0aba2112-92c6-4f19-b930-ec26ed9d47e7;68b74b96-98a7-4070-b93d-1919a5d01efd,یعنی جو لوگ بھی قبروں پہ جاتے ہیں دعائیں کرنے کے لیے وہ کس کو پکار رہے ہیں اس کو جو اپنے کام نہیں آسکا جو مٹی کے نیچے دبا پڑا ہے اس کو خوش کرنے کے لیے چادریں چڑھا رہے ہیں پھول ڈال رہے ہیں پیسے ڈال رہے ہیں دھمال ڈال رہے ہیں کھانے کھلا رہے ہیں وہاں پر پتہ نہیں کیا کیا کر رہے ہیں پیچھلے دنوں ایک چھوٹا سا survey کسی کامیں نے دیکھا وہ قلندر صاحب ہیں ان کا کوئی مزار ہے تو وہاں پر جو لوگ گئے ہوئے تھے تو ان سے پوچھا کہ آپ یہاں کیا کرنے آئے ہیں کیوں آئے ہیں تو ان کے پاس کوئی جواب نہیں تھا وہ کہتے ہیں کہ ہمارے بڑے ایسے ہی کرتے تھے اس لئے ہم آگئے ہیں مشرکین  مکہ بھی تو یہ کہتے تھے نا وَجَدْنَا عَلَيْهَا آبَاءَنَا تو اگر ان سے پوچھا جائے وہ تمہاری دعا سنتے ہیں تمہاری پکار سنتے ہیں تو ان کے پاس کوئی دلیل نہیں کہ وہ سنتے ہیں کوئی ایک جگہ قرآن پاک میں دکھا دیں کوئی حدیث میں دکھا دیں عقل سے سوچ کے بتا دیں کہ کہیں یہ لکھا ہو کہ دعا کرنے کیلیے مردے کے پاس جاــؤ ہے کوئی ماننے والی بات آپ کا دل کیا کہتا
SKD_U001_S001_0001_chunk_0047,SKD_U001_S001_0001,SKD2025,47,1529.22,1554.66,56c37e3b-539f-422f-b9d4-b82f71d6388e;d4f0e808-d58f-48ba-9895-f20df390f888;0350e85f-009c-427f-b86c-f82e496d0558;b459a2c7-a235-4111-abe3-2e81eaf4ef8a;9e27fc16-90c2-4f8c-9754-eef25ef3947c;1664e349-4e8d-4dd2-a52f-fa6b4e08a0c6;cd6613be-86bf-483f-b1cf-7d05c379bd24;b61925ab-fce4-4b86-b4ac-a08ac331518d;2dd7b3c0-1ae8-4f08-be59-1e3431a8f1a9;eba0a72c-d8d1-479f-8669-a7c2ee72c07e;fbbad375-cca3-4cb9-b004-0f2ad1de3414;1c78a47a-a9e9-446e-ad9e-800f82489b71;9110ddbc-745c-49d9-a002-1251199dea7e;bf1a40cb-622b-4f9e-9d7d-9ef8384c2884;5bf2048f-205a-4eb4-9427-fe12c3444dea;f1263f51-4ac7-4c4d-bb05-104f4b04e92a,آپ کے بھی کوئی نہ کوئی جان پہچان والے لوگ مشکلات میں جاتے ہوں گے کہاں درباروں پر پتہ نہیں دربار کیوں نام رکھا ہوا ہے قبر کا نام دربار رکھ دیا دربار تو بادشاہوں کے ہوتے ہیں تو اس لئے وہ ان کو بادشاہ سمجھتے ہیں مرنے کے بعد تو بادشاہوں کے تاج بھی اتر جاتے ہیں چلیں بادشاہ ہی مان لیں ان کو نیک لوگ تھے آپ کے نزدیک وہ بادشاہ ہو گئے ٹھیک ہے لیکن کیا کوئی جواز بنتا ہے کہ ان سے جا کے مانگیں بنتا ہے نہیں بنتا
SKD_U001_S001_0001_chunk_0048,SKD_U001_S001_0001,SKD2025,48,1559.22,1609.48,8de74314-c078-4e66-b129-db4837666b64;e662fbce-ecf2-452d-b961-418046485cdb;663a3e3b-493f-4abb-ad50-573f7669c572;c2db6674-dbee-43f6-8438-1cead67709ac;b05486bf-1c43-4ef4-8726-af50e298f1ad;c5bdb5ca-cdd3-4196-9e3f-5a261e132efc;a2fdc497-51e9-4901-b973-ca24c25f7296;beb57161-ece6-4c4e-952a-09f4a5053963;682c5e03-d373-44e6-83f4-643d8de1ce42;f15dc223-1295-47cb-bcf3-97943d0923db;f239ba8b-d187-4b7e-85c4-64f489aca164;14c7d3ea-e749-452f-a2c1-b31bb006c990;0263f178-c935-41fd-b385-fa6dbfbc77a4;a85557db-8847-46a3-b7db-67e343ad0377;9e43889e-54ef-40f0-809a-80b0efd2a765;160ca9e8-f8d7-4dc2-bba6-57e37d0f1b98;6c5f65d9-8a72-4bb5-9f49-b8740c228380;e3511e42-be05-457a-8b4e-9ca6d6abded6;ce6c7c8f-04cc-45ce-97d6-edd23ade3ee4;40668665-2a12-493e-9d4d-6ab14c259ad2;f615f694-fe19-45cd-be6b-7f27c3793b90;4f2d073b-e954-40df-94da-86468b2e76ee;d4b9e0ce-9511-4d7e-960f-5672abd2df4d;6cbf9663-38eb-495c-bcbd-48ee1e4c678f;09e272b5-b80d-40ff-85cf-297a5c6c30f9;3cc5a897-df5d-4e93-89a3-cdf9a1e0b2dc;62e7b9f7-c43d-4364-8328-23ff9d0da8d2;85d1e89a-f56b-4c4e-8681-eaf9c0068d7c;745298d8-c271-4600-9943-73f143d2e8c9;00cca617-deaf-4cc4-9c50-d1bff28807a9;e5cb820a-cabc-4652-96fa-c8c892f25405,لہذا ہمیں مانگنا صرف ایک ذات سے چاہیے اور وہ ہے اللہ کی ذات اور جب انسان اللہ سے مانگتا ہے یقین کے ساتھ مانگتا ہے تو پھر کیا ہے لَعَلَّهُمْ يَرْشُدُونَ یہ جو رشد لفظ ہے یہ بھی بڑا اہم رشد کا ایک معنی ہوتا ہے اچھا معاملہ کرنا جی یعنی جو اللہ پر ایمان لاتا ہے اللہ کی بات مانتا ہے اس کا معاملہ سب لوگوں سے بہتر ہوتا ہے اس نے صحیح راہ اختیار کر لی ہوتی ہے اسے خیر کی توفیق دے دی جاتی ہے ہدایت دے دی جاتی ہے اس کے کام آسان کر دیئے جاتے ہیں وَمَنْ يَتَّقِ اللَّهَ يَجْعَلْ لَهُ مِنْ أَمْرِهِ يُسْرًا اللہ تعالیٰ فرماتے ہیں فَأَمَّا مَنْ أَعْطَىٰ وَاتَّقَىٰ وَصَدَّقَ بِالْحُسْنَىٰ فَسَنُيَسِّرُهُ لِلْيُسْرَىٰ پس وہ جس نے دیااور پھر تقویٰ اختیار کیانافرمانی سے بچا اس نے سب سے اچھی بات کو سچ مانا تو یقینا ہم اسے آسان راستے کی سہولت دیں گےیعنی اسکے لیے آسانیاں کر دینگے
SKD_U001_S001_0001_chunk_0049,SKD_U001_S001_0001,SKD2025,49,1617.6,1648.34,35ed2b89-795f-466c-991a-0f97cb29c997;15d23567-442f-47e6-a45e-e627c64bccde;b7523592-a30d-478d-98cc-4e8fee487e92;a31af882-3e6e-4f83-bb1e-d502207abb6f;08f91608-783c-469f-a8e1-ca17a0d60ee2;34c18b81-a58a-4a53-b2b5-ddfdbdd2fc5a;d054d3b8-8f6f-43a8-a9fc-aae6e5589662;ffa94109-4384-40dd-a5b4-b8921b2b0569;ab1bf0e0-48d9-4c73-adce-8476a792029e;e50d60b0-625a-49f1-8cfc-f707970b0e21;7c3e4979-d819-488e-99ba-4e361aef562c;09a2d036-49c6-4f4d-8a82-c9a726e36070;69b1d816-b56b-491c-b8dc-f0ff12d93da0;059cf9e7-65a0-4e86-b315-752cfa44720e;a7fa68b2-6d67-4a89-9c71-052182419b24;6fedec96-1937-483d-a19f-277c24fe24f1;0ac7f87c-e7aa-4b4b-a2a4-9b1e020454d5,یعنی ان کو راہ مل جائے لَعَلَّهُمْ يَرْشُدُونَ یعنی ان کو رستہ مل جائے گا اچھے ڈاکٹر کا پتہ چل جائے گا اچھے ہاسپیٹل کا پتہ چل جائے گا یعنی سبب بن جائے گا کوئی صحیح والی دوامل جائے گی صحیح تشخیص ہو جائے گی آپ کو پتا دنیا میں بہت ساری ڈیکس اب مجھے صحیح ایگزیکٹ وہ فگر یاد نہیں صرف ڈاکٹروں کی غلط تشخیص اور غلط علاج کی وجہ سے ہوتی ہیں کیونکہ ہم سارا بھروسہ انہی پہ کر لیتے ہیں اور ان کو سمجھ نہیں آتی کرنا کیا ہے اور مریض دن بہ دن بگڑتا چلا جاتا ہے
SKD_U001_S001_0001_chunk_0050,SKD_U001_S001_0001,SKD2025,50,1648.34,1678.4199999999998,ec8e7aee-45bf-496e-87cf-b2fc2b72d74b;10ebb344-896e-4866-8813-e834fa15edc7;2f45b9cc-4ba7-45d2-afb5-6eeeb697a7d7;7858b580-70d4-4f92-b3b6-5dd36747c744;d6988b7e-7233-476f-9d37-bdad03a0db1c;379a1116-41ce-44a8-b57b-125f4cf5a474;1d4cf2b5-fcc5-4f22-bef3-51ec611a4046;27fa54cf-f1c9-4a29-a5db-334b256ef2df;1e66f154-cc7f-4b26-b967-641f7552c1d3;ca96edb9-c4a4-4a12-9392-9c60ae2f331e;9c1c89e0-dd01-4e9d-8be1-7e19e910b14a;2fd6dd9c-9525-4e71-8188-97d9d66198ff;7018fec3-5a03-4267-9350-31079679dd4b;6aa3129d-e95f-4ac3-a752-a479a5d76884;8bf9d5cf-05fc-4dbe-8a01-8b513df70053;9358e949-3bb2-4640-9bce-fe5f1990eda9;a27c8076-48b4-4e57-9e11-50666a0e7521;dcd67e7f-e3b2-4edc-9240-89590f74c038,کیونکہ سمجھ نہیں آتی علاج ہے کیا تو جب دعا کرتے ہیں تو پھر اللہ تعالیٰ لَعَلَّهُمْ يَرْشُدُونَ رہنمائی کر دیتے ہیں چلیے مجھے بتائیے آپ یقین بڑھانے کے لیے کیا کرنا چاہئے اس کے لیے یہ بھی ہوتا ہے کہ جس پر آپ بھروسہ کریں اس کی معرفت صحیح ہونی چاہیے تو پھر انسان اسی کے پاس جاتا ہے کہ یہ پوری کرے گا میری بہت اچھی بات کی آپ کا یقین کیسے بڑھے گا جتنی معرفت اللہ کی پہچان زیادہ ہوگی نا اللہ تعالیٰ کیا کچھ کر سکتا ہے اتنا یقین بڑھے گا
SKD_U001_S001_0001_chunk_0051,SKD_U001_S001_0001,SKD2025,51,1678.4199999999998,1707.66,3e2bb007-c876-4164-9643-b5423d54937c;bf16d0af-dcdf-4b50-b48d-6fdb4a3720e4;ddf7d825-2499-49c8-b14d-4ecff257b4ef;a9c884f6-827d-43a1-be84-d74ab2cdebf7;692a8e02-3b5f-49cb-8e32-f07cf3901cd5;adc6c734-e2c7-4952-9580-562cd0947fd0;293098b0-553b-4b9a-ab58-e5c7ca45ac90;c8af5fea-9e94-41f1-ab82-b9a2a87d82dd;3b0ac824-639f-4c47-b103-44aecdaaf530;05f9d871-727a-4e58-84c8-38034d52cb2b;aaf6a049-9de9-454d-b832-d16a748a36ba;7e0951cd-3651-4950-b855-d00fed99d194;b7063af0-9a26-44b3-a4d5-ed7a4f81e091;33114c80-4ac4-401c-8439-fb4222556eef;6287af0a-72ef-4248-a2c7-92fa033bcc97;6ca07a07-a85b-493f-93c3-62b02f707b90;1dd2d5cb-a00b-4e86-81d9-f2a3f1c83f25;961d49b7-ddc7-4849-b6c2-0161b529e70e;f43f7f85-1848-485b-be91-7b5c2a997328,تو یقین بڑھانے کے لیے قرآن کا مطالعہ بھی ہے اور اس کے ساتھ ساتھ اللہ تعالیٰ کے ناموں اور اس کی صفات کے ذریعے اللہ کی پہچان اور پھر کائنات میں غور فکر کہ اللہ تعالیٰ آپ نے تو اتنا کچھ بنا دیا ہے خاص طور پراب تو اتنا آسان ہو گیا ہے کائنات کی مختلف چیزوں کو دیکھنا جو کل کا انسان نہیں دیکھ سکتا تھا تو اللہ تعالیٰ آپ نے اس سورج سے بھی ہزاروں گناہ بڑے سورج بنا دیئے ستارے اور سیارے اور نئی نئی کہکشائیں اور انسان کے ذہن کے اندر سما ہی نہیں سکتیں
SKD_U001_S001_0001_chunk_0052,SKD_U001_S001_0001,SKD2025,52,1707.66,1737.1200000000001,6e601768-bed8-4a11-a70b-991083db6cb6;59f7011b-285c-4d29-a6dc-1ef27121ad97;d3a6ef1b-55ee-482d-b930-5f0823f98cb6;33d51904-f9e5-4585-a213-036609ae0476;36d1161b-f40a-49df-8ba5-1beae59d9dfd;c49bfd53-b930-45c7-9d92-d3abd389965c;057b9f0e-97d5-4c19-bed5-5bd4f855c096;32a13572-34b3-4e45-ba15-e664cc5f138e;c6d0caef-b894-4337-90ba-a552e915e75a;b12e8f0f-2ccd-4e2a-9d3c-0bafdaf9f1f6;1778d327-45f1-4b5e-a0ae-0714aa045658;b7aa7c49-fa11-4147-ac4e-a36cae751094;d9d4c1d8-4816-4104-8406-6c9441e2dcff;4ce86546-5fc8-4a1e-a3a3-99d88290fde0;ddf9c482-c9a0-4fdc-9ce8-9a1578f5d287;5efa68fb-87f7-4c29-96fb-efd5f021e4ee;9fc357af-47fc-4694-bc55-79ec9a4e82f0;a467ba06-779a-411f-a45b-7a0a5df82588;d129eb79-abde-452a-a248-17be22fbbe03,وہ وسعتیں جو اللہ نے پیدا کی ہیں وہ خود کتنا بڑا ہوگا جو اتنا کچھ کر سکتا وہ ہمارے لیے چھوٹا سا مسئلہ نہیں حل کر سکتا استاذہ یقین کا جیسے graph اوپر نیچے ہو جاتا ہے انسان کا تو مجھے لگتا ہے کہ ایسی محفلوں میں بیٹھنا چاہیے خود جا کے مطلب یہ نہیں کہ صرف آن لائن جا کے بیٹھنا چاہیے جہاں پہ اس چیز کو اور پختگی اور ایک بیس ملے تو کمپنی کا بہت اثر ہوتا ہے کمپنی کا اثر ہوتا ہے اس سے کوئی شک نہیں کمپنی کا اثر ہوتا ہے پھر آپ ایسے لوگوں کی باتیں سنتے ہیں
SKD_U001_S001_0001_chunk_0053,SKD_U001_S001_0001,SKD2025,53,1737.1200000000001,1767.62,13cb39bc-7271-400e-8982-3db81aebe748;35f330cd-00cf-4ea2-a2f3-44c7f60a86f5;ee655b7a-4660-4217-90ae-22d6119bf0fa;509fef91-0fbf-4095-8250-a7c8dfad34bb;1e24be56-69bf-4be3-b99b-51e17a2c8353;11393b7a-d6e8-400a-b6df-2ceabe3f8c54;d58ff7a2-de69-41c4-9565-35186d481023;5a2e4c2e-ae5d-4572-9c47-dd66acea4917;cf884dbb-7c0b-4920-826e-fbb1095ad190;d097a506-ef7b-4c32-9b6f-26fc218161d4;63727d61-45af-438c-a8c9-ca3ebbfaa1e4;4c519e1d-0990-4336-b4d4-7b486383c868;fe73055e-4d1a-4035-abbe-c1df4eb3104f;0dcd1a7e-8ced-477a-a61d-08c077d31bd2;792c147b-84ae-4e71-93de-2cc3258189db;7a38ab3d-2138-4130-8d40-bef898a45b11;ee043677-65d2-4960-b842-c3a115f18f20;ecd8fae3-7ee2-4d8f-a5fe-457578cead02;48bec822-aacf-4463-a1b1-03030b992fbf;3ba5f00a-2785-4cd4-afb2-22de86f411db,جن کے کچھ ایسے تجربات ہوتے ہیں کہ جو اللہ پر ایمان کو اور بڑھا دیتے ہیں یعنی انہوں نے زندگی میں دعا کی اور ان کی دعا کی کیسے قبولیت ہوئی اور ان کو کیسے رستہ مل گیا لوگ اپنی بیماریوں کے علاج شیئر کرتے ہیں جی استاذہ جی قلبی بصیرت جب حاصل ہوتی ہے تو انسان کے یقین میں بھی اضافہ ہوتا ہے بلکل جب دل کی نگاہیں آنکھیں باہ ہو جاتی ہیں تو وہ کچھ نظر آتا ہے جوویسے نظر نہیں آتا استاذہ جی جیسے یہ ہے نا کہ علم سے یقین بڑھتا ہے
SKD_U001_S001_0001_chunk_0054,SKD_U001_S001_0001,SKD2025,54,1767.62,1797.3200000000002,5c6cdebc-da1f-4d76-ae38-556e797e4fb4;9d25ea9d-cd72-4c76-a2dd-ba7ce667ba57;ec0b6a77-5e23-4af7-b648-a84148660cad;355f6de8-cf91-4a82-997a-48cfe5d76947;4fe0f029-1c84-45bd-b891-830547cb0609;5db0845b-6756-47d4-8642-686c0569bc03;b14b6fe1-3d93-46b1-afd2-20e501e2e33c;c8fb4243-03d5-45f7-8d0d-419b05443e40;f05bb1cd-811f-40a9-ba98-0a829a5de717;e8e45669-dd82-48e0-8815-0b268372260c;11b87c5a-bff6-4b52-abef-1f286188b4fa;03ee6565-77c0-4ee7-86fb-a1deb24d5a70;54bd46cd-3492-4b3b-815a-95f8f67ec0fe,اسی طرح غفلت سے یقین کم ہوتا ہے اس لیے یہ بھی ہمیں کہا گیاہے کہ غافل دل کی دعا قبول نہیں ہوتی تو غفلت سے بھی اپنے آپ کو بچانا چاہیے بلکل اور غفلت کی وجہ سے انسان اللہ تعالی سے دور ہوتا چلا جاتا ہے نا اور پھر دل مردہ ہو جاتا ہے پھر دل کرتا ہی نہیں دعا کرنے کو پھر شیطان اس دل کو پکڑ لیتا ہے پھر اور پریشانی اور اندھیرے بڑھ جاتے ہیں مسائل کا سلسلہ ختم ہی نہیں ہوتا الہدٰی میں جس سے بھی ملاقات ہوتی ہے تو جب پوچھتے تو
SKD_U001_S001_0001_chunk_0055,SKD_U001_S001_0001,SKD2025,55,1797.3200000000002,1827.44,8983da8e-d55f-4990-a2b3-30903ecec50e;86fe19ef-b2ec-44ca-892a-852ade08071c;fdc4cbd6-2c95-4929-b213-f420e909c8cc;5174191f-8622-419f-8fe8-49b4dc37052a;d6f1d64c-c4d2-478f-bf94-fb0e51614b48;f85f2a38-a524-40d9-ac10-8fc3e73ffca6;36129750-65e4-4afd-8dc8-e971993c15fb;bc7047b2-029e-4d35-9cfa-497f509a4742;2a9e5925-273c-43c4-9402-77c128a68eb4;fcb524bc-9e9b-4c0a-bb8d-0426c4069234;71b7547b-4dce-480b-9c76-789c7ecda965;8c2a9c80-44f6-4636-adf5-806a7d2567e1;30423394-c7b9-4f22-a1e9-b6b1fca9fbee;76a07a26-3c44-4726-a544-fa47ec211ac6;96193d3d-ace5-4d80-8df0-f82de34cb8ac;e1412a2c-6468-4397-b4e8-6cf57389b271;b63e5ea8-8a56-4c3f-9df9-01248109e9a4,وہ یہ اپنی قرآن کی طرف آنے کے سٹوری میں یہ چیز ضرور بتاتے ہیں کہ ہم اللہ تعالی سےبہت دعا کرتے تھے اور اللہ تعالی پھر لے آتے ہیں آپ میں سے کس کس نے دعا کی تھی یہاں آنے کے لیے آپ سب کا تو یقین بہت پہنچا ہوا ہے استاذہ انبیاء کے واقعات پڑھنے سے بھی کس طرح اللہ تعالی نے اپنے نبیوں کی دعائیں قبول کیں بہت اچھی بات کی کیونکہ میں جب بھی قرآن مجید پڑھتی ہوں نا اور مختلف انبیاء اس خاص طرح سورة الانبیاء اور ایک کے بعد ایک دعا اس کی بھی دعا قبول کر لی اس کی بھی کر لی
SKD_U001_S001_0001_chunk_0056,SKD_U001_S001_0001,SKD2025,56,1827.44,1879.64,320948b6-b76a-406e-b451-0426fbd9d546;6d2c90b2-7402-461f-9408-e78c51bb5580;bb1b408d-2d07-4b60-85db-c92bbdb8fa3b;0685c7ad-b5ea-4f63-88df-82a6ba7c69f2;4a6e6368-0e7c-4f36-a71b-bda02fcedcf4;127d3ac5-f7d4-4853-b850-46d85ad012da;1a453c5a-ddad-477b-8963-7070d9c90852;a695b7ce-fa02-4d53-ada1-cc6ff7a3999a;ef66bff4-a2a2-48c9-83f8-c096ae3058ed;938c0284-0c9d-4014-8a51-886bf6e99c79;1069df1b-c809-4e70-bc36-9ac64edea1e0;fdf6672b-0f7e-40f7-9c99-ad9c8c137afb;5396f551-834e-469a-8086-42283d2616d2;c4120aaa-0bb1-44df-8763-7db3ad1788c8;73acdc6e-1198-4d63-b5cc-cb44c74efbce;8c435e8b-bbc3-425a-9814-d4a48c0aba7a;5bd9b386-96cd-4913-af39-06798c50759a;c1685ff2-b8a6-420c-aed9-fa470bf3ef32;44b0d97d-fc16-48bc-895d-ff2f464bf136;7c0679ba-a055-452c-9a85-c706dd877988;210f2729-f882-4d23-8ec6-605d106e432b;19207223-9d57-4811-8fe5-aa2f5101c816;3613ab95-23fb-4aeb-84fa-7cf3feea1574;ed034346-4e54-47a9-aea6-b5686a16e30c;af694540-f86d-42a5-80b9-28b3820e3b67;d5610391-3e6c-425c-941d-42f57f209309;3bf9f26a-b025-4056-b2f7-3d538cf0a6d1;1e9d33cd-ef70-4a5b-95f2-59575dfe7e82;29964f0f-ab57-43eb-a763-222527ac5ae8;1e1feaec-ad96-416e-879c-94095773b7b1;9049c1e8-717f-4802-b743-3557433c78df;384fb057-f6ee-407b-9827-8be4801e2aa1;19b1e30a-5621-4c8a-adcc-d07ee2b03c58;909ab13d-f60d-48fe-9239-8da8844deed8,میں کہتی ہوں اللہ تعالی آپ نے ان سب کی کر لی میری بھی کر لے میں ان جیسی نیک تو نہیں ہوں لیکن آپ سے ہی مانگتے ہیں نا اگر آپ سے نہیں مانگیں پھر کہاں جائیں اور تو کوئی جگہ ہے نہیں تو دعا عبادت بھی ہے اللہ سے تعلق بھی ہے انسان کے درجے بھی بڑھاتا اور انسان کی مشکلات حل کرنے کا ذریعہ بھی ہے تو بہت ہی عظیم چیز ہے جو ہمارے رب نے ہمیں عطا کر دی ہے اور آپ دیکھیں قرآن مجید کی سب سے پہلی سورت اس کو دعا بھی کہا گیا اور وہ سبحان اللہ سب سے بہترین دعا ہے إِيَّاكَ نَعْبُدُ وَإِيَّاكَ نَسْتَعِينُ اهْدِنَا الصِّرَاطَ الْمُسْتَقِيمَ تو دعا سے اگر سچی دعا ہوگی اخلاص والی ہوگی تو مصیبت بھی دور ہو گی حاجتیں بھی پوری ہوں گی تکلیفیں دور ہوں گی برکتیں حاصل ہوں گی اللہ کا قرب نصیب ہوگا یہ دنیا میں حاصل ہوگا اور آگے اس دعا کی وجہ سے جنت بھی ان شاء اللہ نصیب ہوگی
SKD_U001_S001_0001_chunk_0057,SKD_U001_S001_0001,SKD2025,57,1881.14,1911.18,d4ef3d78-3041-4578-862f-a8788f4a9554;db4ee168-749b-45c6-ab66-86d3f27b9e2c;2174dbf5-572d-4b7f-a521-54bbde0c4308;7885bcec-cc06-4eae-946c-2d97edd61f24;d4c163c6-767e-4ebb-9811-d5d2768f5c79;19747e49-8554-4521-be2a-b6c229e62724;2c24b1a0-e853-43a4-b793-df591128fa6e;81f12194-6841-4552-9ae2-6f29ddb417f5;f96096a1-180b-4a25-8968-c315f94c4d83;21ca1cff-151b-4942-8eba-a98d39794bdb;1a301dd6-48a4-47e9-afaa-89f12e93d7ce;cd9bfa08-49d7-4321-b937-4d81151e7df5;542e782e-0be2-4f9c-bc14-4a6c447b516f;3083f7a3-f980-4e83-a507-9c4a59cb4b09;08da4220-a0ae-4931-a774-063f37202ac4;7d94aaa4-b3ed-4bfd-8b34-9acdabce1d16;1acfa08d-16aa-45b2-87b6-a546a1e1f798,تو جو شخص مشکلات سے نکلنا چاہتا ہے اسے چاہیے کہ وہ دعا کو لازم کر لے جو مشکل سے نکلنا چاہتا ہے وہ دعا کو لازم کر لے لازم کا کیا مطلب چمٹ جائے پکڑ لے دعا   دعا سےسہارا لے أَمَّنْ يُجِيبُ الْمُضْطَرَّ إِذَا دَعَاهُ وَيَكْشِفُ السُّوءَ بھلا کون ہے جو لاچار کی فریاد رسی کرتا ہے جب وہ اسے پکارتا ہے اور اس کی تکلیف دور کرتا ہے کون ہے وہ صرف اللہ ہی تو ہے وَإِنْ يَمْسَسْكَ اللَّهُ بِضُرٍّ فَلَا كَاشِفَ لَهُ اگر اللہ
SKD_U001_S001_0001_chunk_0058,SKD_U001_S001_0001,SKD2025,58,1911.18,1941.1399999999999,c7c7750c-fb47-4f42-8854-64d27cc596be;1e701033-95e2-4a69-9a0d-857b0ba812a0;819facf9-7037-4862-a434-af6677974d9e;2dd52430-c65b-437d-8974-e8497d94a3f9;b05f7973-27b3-4740-af32-3b4f3bf35175;4a02be19-ee95-4024-acae-49b8963aa7eb;67e351bb-bc7b-41a7-8899-c0ec22d7c2d6;10cc68d1-3f20-4b36-85dc-59c5997d104b;2286132c-937b-4165-a455-a56df087cecd;d1c0991b-59c8-4271-932f-e6c51ce157d4;d507a320-cce9-4e14-8c41-086265c49b43;e5f6bad0-02fe-4e2d-9e86-61733651e08a;0edc8d56-50f2-40d7-af70-d0ecd01cb74a;33a0484d-b15f-4808-8d22-2edb47af95c8;237798d8-16f3-4a42-b1d6-bbca2223e19e,تمہیں کوئی تکلیف پہنچائے تو اس کے سوا کوئی دور نہیں کر سکتا وَإِنْ يَمْسَسْكَ بِخَيْرٍ فَهُوَ عَلَىٰ كُلِّ شَيْءٍ قَدِيرٌ اور اگر وہ تجھے کوئی بھلائی پہنچائے تو وہ ہر چیز پر پوری طرح قادر ہے تو سب خزانے اسی کے ہاتھ میں ہیں اور یہ دعا مانگنا نا انسان کی فطرت میں ہے کہ صرف اللہ کو پکارے اس لیے جب انسان کو کوئی تکلیف آتی ہے اور ایسی تکلیف جس میں انسان سمجھتا ہے کہ بس سوائے اللہ کے کوئی نہیں بچا سکتا تو سب کو بھول جاتا ہے اور وہ صرف اللہ ہی کو یاد کرتا ہے
SKD_U001_S001_0001_chunk_0059,SKD_U001_S001_0001,SKD2025,59,1941.1399999999999,1974.52,6f4857cc-e1d4-4682-951f-ca0df7fc347e;c8bb2024-a6e9-4377-a2c6-e87a8b7ff927;42ad124a-9b25-479f-a73a-67911798defc;cf121de7-6b6f-4149-9e5d-03979bba376f;f77793db-4600-4ed2-974e-f89759881688;eae032e2-dad1-4e3b-8751-8073d138388b;bfb78c78-5a62-45bf-85f6-5a4e8ddc1f11;fc937def-1224-48b6-8b9a-ebed96e56b6c;019fda96-6f9d-405e-a2d4-6c0704a34dc9;e3b3e81f-6230-4a63-81b9-0f4db46fe72e;0a3e368d-a9b7-431e-9d57-02cc2b93e990;de331de9-c2bc-4d52-a422-6f3f7d00be5f;c444e763-b0f8-4d3a-87e3-0c44d1f19934;701966ae-5500-4ec4-a8ef-3e4b6b21dc32;d5295cbd-b564-409c-aa58-d1c2716a9a33;968c9d9b-d870-4297-9fd1-e2d2d4f06cc4,اب دعا یا تو اسی وقت قبول کر لی جاتی انسان فوراً مشکل سے باہر آ جاتا ہے یا آخرت کے لیے ذخیرہ کر لی جاتی ہے یا اس جیسی کوئی تکلیف دور کر دی جاتی یعنی وہ تکلیف دور نہیں کی جاتی کوئی اور کر دی جاتی تو اس لیے یقین رکھ ہے کہ قبول تو ہو گئی ہے پر یہ اللہ کو پتا ہے کہ کس شکل میں قبول ہوئی ہے لیکن فائدہ اس کا ضرور ہوگا اور یہ جملہ بھی بھولنا نہیں آپ نے اللہ میری دعاوں کو رائیگاں نہیں کرے گا اللہ میری دعاؤں کو رائیگاں نہیں کرے گا مجھے پکا یقین ہے آج نہیں تو کل اس کا نتیجہ ضرور نکلے گا دنیا میں نہیں تو ٓاخرت میں ضرور نکلے گا
SKD_U001_S001_0001_chunk_0060,SKD_U001_S001_0001,SKD2025,60,1977.82,2008.44,24f72597-20d3-460e-af9a-c355188abd11;52818190-9a49-414f-b8cb-4db5df04b0e5;05593988-88db-462d-86e8-e2f8ead8bc7f;39a5e3b3-986c-466e-a2d1-8f808caefb29;75ab62f4-ee74-456e-8fb6-e86f726303eb;39749d39-53ce-4497-9309-ef8aa883a6d3;cd9a07e7-ddc9-42e5-895f-7de609cd4363;604ded67-7db3-4903-b160-a5cfc0333622;10efc786-279b-4d94-a1f1-051bc466cba7;a441e2da-a921-4cd5-bc3c-54680d2940d2;db26bcd4-5272-4648-be6e-d42f2bd0bcf8;9b928378-b0fb-42d2-aa82-dd9d2a16e8c8;075ca04f-ba8b-4668-a3a4-fad3612d95ba;53d23111-941f-4115-9291-c584ab64a7ba;9324ef84-53e8-4be6-a617-ea13a7bc26cf,اس لیے میں کبھی بھی دعا مانگنے سے لَمْ أَكُن بِدُعَائِكَ رَبِّ شَقِيًّا اللہ آپ سے مانگ کے تو میں کبھی بدبخت ہوا ہی نہیں فائدہ ہی ہوا ہے کوئی نقصان نہیں ہوا اس لیے میں مایوس نہیں اس لیے میں عاجز نہیں کیونکہ جو اللہ کی رحمت سے مایوس ہو اس کے لیے تو عذاب ہے دنیا بھی اس کے لیے مصیبت ہو جاتی کیونکہ مایوسی ڈپریشن کی طرف انسان کو لے جاتی تو حاصل تو کچھ نہ ہوا اور یہ بھی یاد رکھیئے اللہ تعالی بندوں کو خالی ہاتھ لوٹانے سے شرماتا ہے
SKD_U001_S001_0001_chunk_0061,SKD_U001_S001_0001,SKD2025,61,2008.44,2038.9,979e9c3a-78f3-43a8-9532-f48eb0504e03;af7d1819-b8ba-48c5-a145-cddef5f745ed;2479b212-6a64-42bc-aa61-640caeadd111;38ecfba9-ae20-4130-9f07-c6e1db8f3723;11bef9f9-eac8-4379-89e9-2427b9bf765d;9fb960ea-78d1-4106-baca-e99839929b6e;88534b4f-4a2d-40c2-afef-79148a8140ed;50b8d88e-78e9-469e-94d3-51df6a1f327a;63759d32-cf53-4839-a8e0-6a57f1a85fa9;95d6535b-1900-4f71-9572-73c9edf02f4e;f89c299f-4bc0-49e6-9475-67e13e8ce388;9094fc1a-d452-48b4-9bb0-c2a78fbab1c1;a7536b13-89d7-4baa-8a05-c3dad35fcffc;91077b3d-e3a5-4822-8801-7c33b257715f;bd8c76d4-e4e4-44a3-add1-cf4e0a84e3a8,وہ اتنی شان والا رب ہے کہ بندوں کو خالی ہاتھ نہیں بھیجتا ان کا ہاتھ خالی نہیں چھوڑتا ان کے پھیلے ہوئے ہاتھوں میں خیر ضرور ڈالتا ہے اور ہم بات کر رہے تھے شفا اور دعا کی یعنی شفا کے لیے دعائیں کس طرح کام آتی ہیں تو اس میں ہم قرآن سے ایک مثال لیتے ہیں ایوب علیہ السلام کی وہ بیمار ہو گئے تھے نا ان کی بیماری کس طرح دور ہوئی تھی دعا سے الانبیاء 83 وَأَيُّوبَ إِذْ نَادَىٰ رَبَّهُ
SKD_U001_S001_0001_chunk_0062,SKD_U001_S001_0001,SKD2025,62,2038.9,2070.78,156b5c64-a3e4-4700-82e0-1f9c43890faa;8bb2d1fe-7dca-4b0f-9601-2aef52cb56c2;46b0c674-0fef-4b2d-9d32-d92f2d796bc7;9ab8ce5e-4f7e-4cd3-9f7c-59444230f424;2b808a2f-808c-4481-aa67-3db680b84af8;b5f98129-a605-4a0d-84e7-1c78ec732388;faaf27e3-0c48-4ea1-aa95-2b58b38f75e0;8bd2fd8f-da5d-4598-b4f7-d431daa9dae5,أَنِّى مَسَّنِيَ الضُّرُّ وَاَنۡتَ اَرۡحَمُ الرّٰحِمِيۡنَ​ فَاسۡتَجَبۡنَا لَهٗ فَكَشَفْنَا مَا بِهِ مِنْ ضُرٍّ وَآتَيْنَاهُ أَهْلَهُ وَمِثْلَهُم مَّعَهُمْ رَحْمَةً مِّنْ عِندِنَا رَحْمَةً مِّنْ عِندِنَا
SKD_U001_S001_0001_chunk_0063,SKD_U001_S001_0001,SKD2025,63,2070.78,2100.54,43152f68-0cb4-4fe2-a259-b4ed92ab5833;9d763899-ebaa-4a29-be7c-42d93e87e17f;fcfa5959-2261-4345-bc76-1ab3bf8084f5;003bcc24-dbf2-445a-863c-fa63096995f1;ca56fc19-f0ae-4042-a4d5-814cb42ddb9e;604cb985-55b3-4612-8827-6d4c176a1894;1f1422db-00a9-4816-b734-3f27e23c355d;604a9fad-d92a-43e3-8c7b-3b7a1778f048;0a2d1136-9e23-4973-bb6e-63728664db8e;64495d15-ff63-4b91-ba55-ffe29be9f3c2;8a026b37-b040-43da-9925-53125cba3b33;82262ad9-5893-4209-bab6-3eb8fa68b2b4;f9f9069f-e438-420d-be16-e4fe19ac435c,وَذِكْرَىٰ لِلْعَابِدِينَ اور ایوب جب اس نے اپنے رب کو پکارا کہ بے شک مجھے تکلیف پہنچی ہے اور تو رحم کرنے والوں میں سب سے زیادہ رحم والا ہے تو ہم نے اس کی دعا قبول کر لی بس اسے جو بھی تکلیف تھی دور کر دی اور اسے اس کے گھر والے اور ان کے ساتھ ان کی مانند اور عطا کر دیئے اپنے پاس سے رحمت کے لیے اور ان لوگوں کی یاد دہانی کرنے کے لیے جو عبادت کرنے والے ہیں یعنی جتنے بھی عبادت گزار ہیں
SKD_U001_S001_0001_chunk_0064,SKD_U001_S001_0001,SKD2025,64,2100.54,2129.48,83d83ba2-dc57-428b-b03b-cbed8f67f8f8;260b09cc-c7d6-4a7d-ade2-a36416b72f8a;1b5c7049-b91e-4b30-bd41-d7d9ad76db3c;333ebe20-1ae0-49c8-95d2-86a0c3e85976;daa5d8c6-36a1-4377-bd1d-e006ac1bd5c0;69c936a4-4a99-40ff-9b83-083ee336a00f;7581b4f9-0b80-44b6-9579-a2bd1ff037b0;95453070-c5c4-4b79-af20-f914be822860;67aead38-7744-4ac3-9318-a10eb92f0404;71568676-296a-4b6b-bb1c-b3efaaf07ce6;2c621405-9a5e-4b05-a4d6-9ce783b7d926;ed1f3bf6-7a48-4e03-a353-a858b455ae8b;cae4f980-997a-4956-95db-b5090429b783,ان سب کے لیے ایک خوشخبری ہے پیغام ہے ابن قیم کہتے ہیں مصیبت کو ٹالنے اور اپنا مقصد حاصل کرنے میں دعا قوی ترین اسباب میں سے ایک سبب ہے یہ تمام دوائیوں سے زیادہ مفید ہے ساریmedicines  سے زیادہ مفید ہے یہ آزمائشوں کی دشمن ہے کتنا خوبصورت جملہ ہے نا یہ دعا آزمائشوں کی دشمن ہے یہ آزمائشوں کو دور دھکیلتی ہے ان سے زور آزمائی کرتی ہے ان کو واقع ہونے سے روکتی ہے
SKD_U001_S001_0001_chunk_0065,SKD_U001_S001_0001,SKD2025,65,2129.48,2159.32,04d71472-32f1-4b31-8372-3c9532c6a745;3c1bfe7b-e36c-4e23-8486-99b05cd68d87;ac83d2b6-d0a2-43de-b6b0-c549500f6f8f;23e74fae-0e35-43d5-a4ab-18094d1a073a;376d2483-a51f-4f15-af01-d4a0584e4c0c;534aaf08-85be-469d-b7c4-71420afce02b;a95f0b54-5bbd-418a-9774-c08341fa09a9;bec644a7-0ca1-4b90-a796-1e29f0552e48;ea1a588e-8d49-4ac9-a1a3-83916610705a;99159479-a785-412f-938f-1ad31ec7e80c;8fa610d1-8d0b-4a03-b037-30c2160e34bf;4f68a496-6465-4447-b676-485d30692613;4e40d7de-c24d-43b8-a954-487c07d0c2c0;4bf268b7-5d8f-42fd-ab42-7a53698915cc;a4ec9acd-9b18-4740-9263-8aa5d3d63c29,اور جو واقع ہو چکی ہیں ان کو ختم کر دیتی ہے یا ان کو ہلکا کر دیتی ہے یہ مومن کا ہتھیار ہے دعا ان مصیبتوں میں بھی فائدہ دیتی ہے جو اتر چکی ہیں اور ان کو بھی جو نہیں اتریں وہ ان کو پیچھے دھکیلتی ہے واپس جاؤ دعا علاج کے ایک قسم ہے یعنی دعا علاج ہے نبی صلی اللہ علیہ وسلم کا ہم دیکھتے ہیں کہ بیماریوں سے علاج تین قسم کا ہوتا تھا قدرتی ادویات کے ساتھ اور الہی ادویات کے ساتھ اور دونوں کا مرکب یعنی دعاوں کے ساتھ دواؤں کے ساتھ
SKD_U001_S001_0001_chunk_0066,SKD_U001_S001_0001,SKD2025,66,2159.32,2192.62,52bfe8ce-e5ce-4500-b3f1-29524ab945e0;3b001a6c-f3b7-43ed-854c-81ffb8097636;4de9060d-030a-4014-aa16-42f3835be518;ab141cc9-e6cd-467e-ae6d-d5560a0a9b76;fd13aad5-17f7-4556-b6e5-ea963637a67f;229d458a-b780-48d2-ac58-90829a598b2b;86fad2b5-d831-4832-81f3-b54f9ddf3c21;5e769a4c-94a4-4a52-8045-995175971f1d;bef42210-18ff-4991-a2a8-4da50be6e64e;41b44e6a-e0bb-44fa-87df-25eabfe579f9;eff30e1f-b101-455a-9f44-ef3b512cf879;b5ff71d5-3009-4692-ba19-12579d3710d4;83415c81-2d46-43c5-b251-ed0a9e57a98b;34e84484-1b06-489a-a1d8-383995bf857a;f43e6bd8-fafd-47e2-9954-478323a610af;81f36b3a-86ca-40cd-af81-7ebc790b400a;73e3d2a8-8a0e-4a01-b55b-acf074f572d3;3dd60f11-2c55-4560-8a58-476ecb64d436;59c740e3-e79f-409d-8f97-7b6498767936;12900beb-80dd-4605-a148-3e9e9136a628,اور دونوں کو ملا کر اور بیماری میں دعا کی بہت تاثیر ہے اور اس پر ہم دیکھتے ہیں کہresearches  بھی ہوئی ہیں کہ جن مریضوں کے لیے دعا کی گئی ان کے مقابلے میں جلدی شفا حاصل ہوئی جن کے لیے دعائیں نہیں تھیں لیکن کونسی چیز ہمیں مایوس کر دیتی ہے کہ میں نے بہت دعائیں کر لیں وہ فلاں نے بھی کی تھی لیکن وہ فوت ہو گیا اس طرح کی باتیں ہوتی ہیں نا سننے میں آتی ہیں کوئی فائدہ نہیں دعا کرنے کا بہت کر لی ہے یہ شیطانی جملے ہوتے ہیں شیطان ایسی باتیں سجھاتا ہے جو ہمارا دشمن ہے تاکہ یہ خیر سے محروم ہو جائے ایک بات دوسری بات یہ ہے کہ اللہ سبحانہ وتعالیٰ بندے کی دعا رد تو نہیں کرتا
SKD_U001_S001_0001_chunk_0067,SKD_U001_S001_0001,SKD2025,67,2198.72,2228.42,04710056-b5f9-43f6-a000-c872a967773b;6baf86b9-9212-4c26-967d-9dc0697a2f4d;b1813f5e-abd5-4770-9135-1221e1f058cc;7ff1f7f2-981a-4a11-9278-b32498155457;cd33299a-0fd1-40b3-af84-3cb453fadb60;c4fcaafa-5ca8-4a5e-936f-4c72ab5fa5f1;599d81dc-8c00-4a62-aee9-feaecbf5c9d9;7b56e131-5c6b-46d9-a0b6-472e8d33881d;8679ed5b-8edb-475b-8d03-2db9dd942fb0;e74fc514-30d8-4c38-af70-9dfb32b665a0;e0504144-7b11-465c-93b5-aaa3f13e5c0a;0e6e871c-d177-4bd9-8ad9-7d2ab6db9e77;3364430d-0ee6-4936-ac59-2fb340716edb;5128786f-cc05-47d0-8b5e-25027fafc624;5a4b201d-9f19-46c8-a971-c69e128aa56e;43a813f8-782d-4642-8a6e-6265ce302953;bba2ff2d-be9c-4ac5-9e70-def0dda95ff9;918fc109-a463-445e-934e-e5b1eeba8cb7;e5ba0252-e411-4659-b28d-5dac253f997e;25061a0e-a8f0-4f10-99f2-87558d304a22;918695c5-c67a-4843-883d-53eff883e102,لیکن اس کا بدلہ اس صورت میں دیتا ہے جو زیادہ اس کے لیے فائدہ مند کبھی وہی کر کے جو اس کو چاہیے اور کبھی اس سے بہتر عطا کر کے اور کتنی ہی مصیبتیں ہماری دعاوں کی وجہ سے ٹل جاتی ہیں بعض اوقات ہوتا ہے نا کہ آپ گاڑی چلا رہے ہوتے ہیں اور بالکل قریب پہنچ جاتے ہیں اور آپ کہتے ہیں اوہ اللہ نے بچا لیا آپ کو نہیں پتا ہوتا ہو سکتا ہے وہ آپ کی کسی دعا کی وجہ سے ہو اللہ کو پتا تھا اس کو یہ نہیں دینا اس کے بدلے یہ دینا ہے کیونکہ یہ مانگ رہا ہے اور یہ عبادت کر رہا ہے تو کبھی اللہ تعالی
SKD_U001_S001_0001_chunk_0068,SKD_U001_S001_0001,SKD2025,68,2228.42,2259.5,5cf24105-266f-4508-b269-06c4f225c64c;96e890af-7cb4-42dd-ab92-d7c03ab14a17;0558c172-3bf6-4da7-9938-21679d7c8696;eacd4fac-53c2-4b34-9332-a76ee11f2f4a;c2467ec6-a26e-4ec0-8da5-ce452ef81a12;6bbb9ce0-366f-40bb-91a4-ace129cd00fc;0b6f53ee-b901-4976-8164-62617bbdc455;692ecaa8-5d96-4b77-a77d-ec7514d9cb0d;eacb9903-4707-4dad-ba26-33e8988bb9c7;3e53eafc-2f4d-426f-adab-380fb26ac901;3e1478e0-324c-48a4-b756-ad9de796756e;4d35cd36-26b1-44c5-b515-d8bc3c747cf7;415ef593-7014-4e0a-a48e-4e93792e1edc;40679c07-2698-477e-a214-82a7175d8364;8bc59e36-b230-4252-a13a-64f0265d7667,اس سے بہتر عطا کرتا ہے جو ہم نے مانگا ہوتا ہے حضرت مریم کی جو والدہ تھیں انہوں نے کس کی دعا کی تھی تو کیا ملا ایسی کو بیٹی دنیا میں آئی ان کو تو نہیں پتا تھا کہ میری بیٹی کی کیا شان ہوگی اس کا نام قرآن میں ہوگا قیامت تک اس کو یاد رکھا جائے گا وقتی طور پہ ان کو feel ہوا ہوگاوَلَيْسَ الذَّكَرُ كَالْأُنثَىٰ اللہ نے جواب دے دیا اس لیے ہماری دعاوں کے نتیجے میں جو بھی فیصلہ ہمارے سامنے آئے
SKD_U001_S001_0001_chunk_0069,SKD_U001_S001_0001,SKD2025,69,2259.5,2289.98,d402ec6f-feee-4518-93fb-b4d2399f9909;81c41471-49c1-442d-a70d-8b91237b3456;2f6874b0-2915-4986-a4bb-cef1f9ffca78;a6d092ca-3105-4b7a-ae59-117e31f6940a;337cc396-2278-4f65-bfc4-4cf93a9e8773;4d1e6358-7e5e-4728-b4f5-d786fa35ac3c;0e9122a5-2835-41dc-adfd-6ee898f2490d;638490ca-9fd2-44f0-a6d3-5a75d295908b;7f8cc5b2-687e-43ae-8cbf-0b7e6ec7700d;3a962051-85a3-4187-8cc5-1b5868217236;64cbab93-f872-459c-b20e-eab2064d711b;827e3213-45f3-4ca7-8db9-65c36ea480b6;5e1bad39-833c-4d3b-aef7-77c779c65328;62252e35-188c-4529-b3a3-9eead0b5d1f4;c4866c93-9e51-4131-84f9-85c6fa853fe6;def71e0c-c7a8-49cc-8f79-9c531239d839;56a041d2-23e6-4637-acef-19b1a6c5dd2d;10f58741-4032-44aa-9fcd-675a72152fae;2af6511a-218a-4df5-add7-7ef3b847f544,جو بھی قبولیت کا طریقہ سامنے آئے تو کیا کرنا چاہیے قبول کر لینا چاہیے انسان کی happiness اس کی acceptance میں ہے اللہ کے فیصلوں پر راضی ہونا آپ کو نہیں معلوم ایک دروازہ بند ہوئے تو دوسرے کسی دروازے سے آپ کہاں پہنچنے والے ہیں لیکن یہ ہے کہ اگر ہم چاہتے ہیں کہ اللہ سبحانہ وتعالی ہماری دعائیں قبول کرے تو پھر پورے اخلاص کے ساتھ توجہ کے ساتھ قبولیت کے یقین کے ساتھ خُشُوع و خُضُوع کے ساتھ عاجزی کے ساتھ تکرار اور اسرار کے ساتھ دعائیں کریں
SKD_U001_S001_0001_chunk_0070,SKD_U001_S001_0001,SKD2025,70,2289.98,2320.66,1b9e2ab7-179f-4de0-901e-11c1a51e7de1;9fdcc1bb-cf69-4497-bb61-da58e992a971;0248e289-5c17-4e65-9295-22e61f749a56;5f5d3ee3-23ff-4eb2-b9bc-8dcb69218ca2;e7a6ca58-e2a2-4cd0-aaf7-d05710a21c96;b4d4b93f-da36-41db-b4a0-19d0fd3a618f;206a946d-de68-4a35-be9d-93e0279bdbe4;5741ef17-aa77-4d2b-b078-c014d2b2df43;3a43741b-bbe0-4417-995e-de42c6441933;43fe45e7-07c3-40d7-8dbc-fcc2ed433013;c3c10e5b-5017-4a9f-9cc2-45ba6807be4b;93f0bdf3-ccc9-41ce-b736-fca72a6671d8;06103211-a50b-4360-aace-ed9f0d7efcb5;9723bd62-8d95-443f-9f3c-bc9c95360c0a;2f9a8dea-d4e8-4b9e-91ee-0fc67c9a7633;95c07d7b-e63c-4cdd-941d-df7326854086;c7c1a834-eb23-471c-bd3b-3f2531162636;f357e9e9-3743-4257-a0b7-890328acb93e;afe13019-f8bc-42e1-bd8d-52e938fe8e4d,تکرار اور اسرار ٹلنا نہیں پیچھے نہیں ہٹنا شیطان کے وسوسوں کے شکار نہیں ہونا ہاتھ اٹھا اٹھا کے آپ کو پتاہے نا نبی صلی اللہ علیہ وسلم نے بعض وقت کتنا اونچا ہاتھ اٹھایا اتنا کہ آپ کی بغلوں کی سفیدی نظر آنے لگی ہم نے تو کبھی نہیں اٹھایا ہم نے ایسے کر کے ہاتھ پہ ہاتھ رکھ کے مٹھی بند کر کے دعا کر رہے پھر دعا کے آداب بھی ہمیں پتہ ہونے چاہیے اسماء حسنہ کو وسیلہ بنا کے دعا کریں اس سے بھی قبولیت ہوتی ہے أبو الدرداءؓ جو تھے وہ کہتے ہیں کہ اللہ مومنوں پر رحم فرمائے
SKD_U001_S001_0001_chunk_0071,SKD_U001_S001_0001,SKD2025,71,2320.66,2352.26,1eb35561-8736-47b1-9f99-e9c8221f8230;8af46729-266f-4b83-9b31-a2f31a715ffa;e7c1d560-e1a5-40cc-a650-d8cdbf9b4b59;f4d22a57-3897-41cc-9238-dba68313b796;b3524e1b-fa5c-4c9c-bfd5-0f317d656299;031dcdf6-8b1f-41c2-b695-be6fb42c9907;22246d5d-4161-4861-9bab-0dba677d2ea9;6ed6f7a2-fcb9-4009-b974-f186b89d73c0;12e27cd0-af03-4003-af41-4fadb8341f5a;1713c8d2-e5f6-4bb2-be5d-ab9d4e1f7671;13c960c9-15d8-43b8-9334-52b4a97e6ee8;896ba091-e54b-4148-8cc7-270e6f425297;619b203d-d495-448d-af43-73f4319789c0;a20b875c-f816-4ee8-88ec-36c2c57ff401;878bdebd-3652-425b-a384-6fcdb351d51f,اور اس کے بعد صرف کہتے تھے ربنا ربنا ربنا بس دعا کرنے کے بعد ایک دفعہ مانگ لیتے کہ ربنا ربنا ربنا صرف اللہ کا نام پکارتے رہتے ہیں کوئی بھی نام آپ پکار سکتے ہیں پھر اپنے نیک عمال کو وسیلہ بنا کے بھی دعا کی جا سکتی ہے اپنے گناہوں کا اعتراف کر کے بھی لَا إِلَٰهَ إِلَّا أَنْتَ سُبْحَانَكَ إِنِّي كُنْتُ مِنَ الظَّالِمِينَ رَبَّنَا ظَلَمْنَا أَنفُسَنَا وَإِن لَّمْ تَغْفِرْ لَنَا وَتَرْحَمْنَا لَنَكُونَنَّ مِنَ الْخَاسِرِينَ پھر دعا میں جلدبازی نہیں کرنی چاہیے
SKD_U001_S001_0001_chunk_0072,SKD_U001_S001_0001,SKD2025,72,2352.26,2382.52,85cb1145-22af-4460-9f60-082cf936bb01;ff5553de-8c67-4865-9e8a-0c80d8d91672;ff6a39e3-bdca-4fc2-85c1-6d742cd689c3;7866e91c-5e8c-4744-819d-870b11f5be47;9683edf5-03a9-4a36-9abc-67eef6fe1f3f;71bbe5a8-bb06-445a-a053-be6f785936a1;6929073e-12a1-4d16-a7b8-500578d784ab;79928d76-5af2-4477-adab-d57a38e7a98a;4ca3845f-8951-493c-a37c-881e23d726bb;402d030c-f30c-4c2b-97d8-dc22d2fb23ae;e9cb2196-b665-4423-85e7-0e0b267e5330;9bc7ccf2-150b-4cd7-8be6-508f50aaf565;91353dba-f727-4bc3-b11f-eea5245ed5ef;1fe9ca8f-15bc-4f86-8975-a74780fa897a;02855c07-fa8a-475a-8fcb-91ad56724394;61212295-26f8-4b9a-aa11-efa0a8c11e45;9bc95dd7-f883-4c19-8046-c2087e50b7bd;27499746-2542-4089-b2ec-0fd6394f51fd,اور حلال روزی کا بھی اہتمام کرنا چاہیے اور پھر یہ کہ دعا کی ایک تاثیر اس لحاظ سے بھی بہت ہوتی ہے کہ اس میں انسان مثبت جملے بولتا ہے مثبت بات کرتا ہے آپ کوپتا ہے جو الفاظ ہمارےمنہ سے نکلتے ہیں ان کی تاثیر ہوتی ہے کوئی آپ کو ایک اچھا سا خوبصورت جملہ بولتا ہے اچھی سے کوئی بات کرتا ہے poetry پر آپ کیوں اتنی واہ واہ کرتے ہیں کیونکہ وہ ایک ہی بات کہنے کا انداز بڑا خوبصورت ہوتا ہے تو ایک معمولی سی بات اگر خوبصورت انداز میں کہی جائے تو اس کی value بڑھ جاتی ہے
SKD_U001_S001_0001_chunk_0073,SKD_U001_S001_0001,SKD2025,73,2382.52,2411.58,3368053a-d0fa-4aa6-ab35-46d2948209b8;5c16bec5-9cec-4f0d-80e9-32f0ce1e0724;fb38e431-174f-43a5-ab00-76a317b8e5ce;f4ef3e99-ea87-4886-a270-6d5db6e33fe5;dd50298c-1edc-4ee0-b3fd-268f87635e36;17040021-0a61-460c-ac56-d8f21a5498d2;8a07f229-1547-41e2-8a21-7342a9d4a15e;1cc2fb89-8de9-4742-9cc1-7b0a0dc8d166;35181d4e-27d7-44fb-957f-397c2e21df69;295c0274-b49b-4793-9182-e822b6c16c7a;a66a6535-0bb8-4ee4-b2d1-e7623853aa15;3d4f79e1-e715-42ae-932a-83da1c0541b0;4bd270cc-2004-40d8-ac82-a27818bd870b;34654b14-5030-4dc7-b2a7-1044ac705ccf;85191d18-f2f2-4e0b-be7d-e5547025873e,ٹھیک ہے نا تو ابھی جیسے میں پاکستان آئی ہوں نا تو surprise دیا تھا میں نے کہ چلیں سب کو خوش کروں گی کچھ لوگ تو بہت خوش ہوئے تو بہت اچھا کیا لیکن کچھ جملے negative بھی تھے انہوں نے بم پھوڑا آکے یہ مثبت جملہ یا منفی منفی ہے نا کیا واقعی میں نے بم پھوڑا آکے یعنی کہ بے سوچے سمجھے منہ سے نکالتے ہیں نا بات تو surprise کی تھی بات تو surprise کی تھی
SKD_U001_S001_0001_chunk_0074,SKD_U001_S001_0001,SKD2025,74,2411.58,2440.6800000000003,b3e0f613-5066-4602-b3af-22a4fb7d4ca4;89e18d09-0e57-44bf-8505-d00463d81ad5;8de96364-f92a-42b8-9834-c7fffe523b31;2c61c3df-20bd-43b4-a57c-dc4f2dfc8140;309d30e1-5162-4114-b9c0-a9d500ec2e9f;acdae283-bcdc-41c2-ad5f-915c9c0ac570;ef10bbfa-cf41-4262-bb96-b4eeb94fcc76;d4f6324d-76ef-4aee-9c1b-37ff5bc35132;0a133b51-9b68-47bf-8a27-cdda3eec0710;f877b63d-8b0e-4ac8-9eb5-13167991c7c7;78a0e9f4-c60c-4330-a155-c4f95042f61b;edb98392-f6da-4c1c-94f9-c0a1eb1e2c0d;8b4e0a77-2bc2-4a31-b0e4-3fb6f83f698e;06bd306c-af00-4f38-a33d-449fe711f4eb,لیکن ہم کسی بھی surprise پر ایسے باتیں کرتے ہیں ہمیں اپنے گفتگو کا انداز بدلنا ہے منفی سے مثبت کی طرف آنا ہے ساری زندگی میں دعاوں کی تاثیر کب زیادہ ہوتی ہیں جب اس میں ہم مثبت انداز اختیار کرتے ہیں یعنی بیمار پر دعا کا فائدہ کیا ہوتا ہے کیونکہ وہ مثبت چیز بار بار خود بول رہا ہوتا ہے یا کوئی اس کے اوپر دم کر رہا ہوتا ہے اب جب کوئی رقیہ کرتا ہے آپ کا تو وہ کیا کر رہا ہوتا ہے
SKD_U001_S001_0001_chunk_0075,SKD_U001_S001_0001,SKD2025,75,2440.6800000000003,2473.68,50482960-b8de-4585-b347-450c073d06bf;7b4b6a05-087c-44ee-967a-ff65bd3e796e;4ad79318-b26d-4403-bc52-40ef5cd6c2e0;48bf9bbd-668b-4903-8a55-36c626845809;b7d584de-89a5-4d43-b18e-6b466e1fc483;e4aedecb-0aab-4ccb-a321-e91e0ded1c3a;56819969-0896-4553-831a-f5993a877574;a1b5cbf1-5540-4f99-a40e-16332e98c030;3f31c87f-9f65-4df7-96d6-e946df23cb7b;0d1f239a-bae5-46c2-997d-f1af43198599;a766cb58-d589-4112-9d6e-b6bc28910179;71a711a4-7d6f-4300-85b6-0420ca238c8b;a93d6b2e-25a1-4981-b466-e86087e7881e;df2d4a28-f7e9-4329-8d76-51d82ed5072c;319053bf-749b-4d2a-9f1b-9add004ec7e7;0880ebd5-7849-4d22-bc59-f917ecf2e783;633f295d-3887-4fa1-a206-f550bb1f2131;1e4dd655-912d-4ecd-8696-488a051b15ff;6a88253a-2994-453d-ad8f-da202111f2d6;4da40ada-e160-4a56-8217-e2523a0ae4f6;720a8331-11e7-4ef6-8274-64741d465fe2;26d449a4-a4c8-497e-b58b-5311c0ca78b1,اللہ تعالیٰ کا کلام پڑھ رہا ہوتا ہے اور اللہ تعالیٰ کے کلام سے زیادہ کوئی مثبت چیز ہو سکتی نہیں ہو سکتی اس پر میں ایک research پڑھ رہی تھی اس کا خلاصہ یہ ہے کہ منفی سوچیں منفی ذہن ہمارے دماغ جسم اور رویے پر گہرہ اثر ڈالتی ہیں منفی سوچ negative thinking اور ہماریnegative thinking دو وجہ سے ہوتی ہے ایک شیطانی وسوسے ہے شیطان کیا کرتا ہے الَّذِي يُوَسْوِسُ فِي صُدُورِ النَّاسِ مِنَ الْجِنَّةِ وَٱلنَّاسِ جن بھی ہوتے ہیں یعنی شیطان بھی ہوتے ہیں اور کچھ لوگ بھی ہوتے ہیں ہماری زندگی میں
SKD_U001_S001_0001_chunk_0076,SKD_U001_S001_0001,SKD2025,76,2475.46,2505.42,74da9e65-44f6-4add-a8f9-26e404759c45;fb411e59-f215-4060-af1f-6a9c1304816a;b3be2d31-b401-4497-912e-515d91ea899d;0bec953a-7e1e-4905-8096-a93b3b1da64a;cba7d02b-b3de-4d3b-93e2-fa13575ca1a7;ca0063ea-6989-43f4-a0b8-12e1067f931d;be347f41-0f0a-4123-a030-0ceacf492a51;a393819b-cec5-4235-b194-2fb12e3d15f2;5eae3a36-0fca-46fb-9a7c-d07ab2adf4bd;6f923fe1-2f2f-4b2a-8bf2-5f5b4a5e5aa5;cc6b7a06-6897-4cd8-959b-3f9e96876e8f;5e3dc75c-4f3e-4990-ba56-da561c9ebccd;ce7b2866-ab6a-4082-8d96-b23f3df7728c;9d37164f-3a1f-4da8-9c59-09dbec77ec14;40034cc5-5712-4983-8713-aefdd2ecf699;e52a0e8c-ebee-4a89-8658-8003e7f996ea;72a1e605-5d57-40a7-9266-abaca4cbc06a;63c31977-66bb-4389-9894-7ce3e954b408;cd81dc26-2d9f-4865-98c4-d1890a456a5d;2dbcb759-a947-41e6-a401-bc29fd66e9cb;c3bd25a5-1c55-450b-88c3-b2c8811e7606,وہ ہر بات کو الٹا دیکھتے ہیں ہر چیز کو negative دیکھتے ہیں وہ صرف اس negativity کو اپنے تک نہیں رکھتے کیا کرتے ہیں اس نے تومر ہی جانا ہے یہ تو ٹھیک نہیں ہونے والا یہ بیماری لا علاج ہے مریضوں کے پاس جا کے ایسی باتیں کر رہے ہوتے ہیں تو اللہ ایسے انسانوں سے ہمیں بچا کے رکھے پناہ میں رکھے جو ہمارے ذہن میں کوئی بھی منفی بات ڈالیں کیونکہ اس کا نقصان ہمارے روئیوں پر ہمارے ذہن پر ہمارے جسم پر بھی ہوتا ہے
SKD_U001_S001_0001_chunk_0077,SKD_U001_S001_0001,SKD2025,77,2505.42,2546.2999999999997,62ce310e-7dfa-41df-9d4a-6ba408dd94f6;f72635c5-00d3-4716-aac7-cc89a363374a;a7f0cb92-c4e3-4805-9462-d214b4c9a162;f4a74723-fc03-4487-9772-5921100d729e;0e1365ad-f4ac-482c-a10a-8b4a32d23126;3d82f8b7-8718-493d-9787-abec28f70d60;142aacab-a97f-4ab7-a104-e86d59808f6a;5b4d13a6-4a83-4dd1-af2d-c37549d733f3;002f2d79-4343-435e-953a-55e98b6ddf64;b8551d28-14dc-4a54-99a0-22f98f6ec40e;15c8c783-fc47-4c5d-83f8-c07b34cd9a3b;796e2de9-2fdb-4602-9133-82990932a62a;558110d6-4808-428c-be58-b5f18e369611;cfc11319-0ed0-4dcb-8360-9c913111d0fa;aa3161c8-71d2-4522-aded-3beddbb0c349;7ea0c06b-3e19-4a37-965f-fcad89c97b1f;700cf3a8-2a00-4bd9-85f1-0eed7980868e;73f7e232-1027-4e61-b356-3d85a4ebbaee;a41d045a-f0ac-43e2-b6a5-b06bd5eaaf70;9c3c64f5-71ab-4021-9b81-52064306d714;fac30c2c-7c1b-4a02-a83d-6a74c934533a;00593d0b-9325-463e-b5d9-2e99986cdb7f;13c7db4f-dbe0-4bf8-bfce-f0d9c3f3ecdb;17fcc979-d594-490a-9e2d-c20461856fc5;6a8e767c-c012-4e93-afa6-f89ee61cc92f;78dda9f9-1d40-425e-a076-e2029d59a25e;9e8d2ecb-c7ab-4cde-9850-205a3549c7f5;a1fe158a-88fc-46e5-a3ad-3f4c7ee4c8dc,منفی سوچوں سے بیماریاں بڑھتی ہیں ڈپریشن بےچینی خوف اور بےاعتمادی پیدا ہوتی ہے confidence loseکر جاتا ہے انسان اور کہتے ہیں کہ اگر مسلسل منفی سوچتا ہے انسان تو دماغ کا neurological توازن بھی متاثر ہو جاتا ہے اسی طرح کہتے ہیں کہ اس سے جسم میں cortisol hormone جو ہے دباؤ پیدا کرنے والا stress hormone وہ بڑھتا ہے جس کی وجہ سے پھر blood pressure بڑھ جاتا ہے نیند کی خرابی ہو جاتی ہے روئیے مختلف ہو جاتے ہیں انسان دوسرے انسانوں کے ساتھ لڑنا جگڑنا شروع کر دیتا ہے آپ نے دیکھا ہو گا بیمار لوگ کتنے چڑچڑے ہو جاتے ہیں نا اور خاص طور پر جب ان کو یہ ہو نہ اس دوا نے اثر کیانہ اس نے کیاتوپھر وہ کہتے کہ اب مجھ سے بات نہ کرو چلے جاؤ یہاں سے آپکو پتا کئی بیمار تو ڈاکٹر تک کو ڈانٹ رہے ہوتے ہیں
SKD_U001_S001_0001_chunk_0078,SKD_U001_S001_0001,SKD2025,78,2553.58,2583.9199999999996,69d9fafa-d539-46ce-a131-311e54213641;de125dd6-9ade-40e4-9b45-acf19e41dccd;94527d55-41c6-492b-8a29-79e0a6d474b8;374a32c2-879c-45b5-8128-523f1e7c4fcb;8c0e253a-80a3-4b2f-b22f-de7177a0efd8;0fc72d80-79b6-48a8-b130-fd171e58c725;5cf111ba-1c01-4cd0-aeab-205e944dd5d4;511e8ac3-7bc4-40ae-8d41-57d9019d6e9b;4cdaf0a0-bdbb-40cc-8fa0-9202249d8dc8;8ab08571-8263-4298-900c-b16d9f6bfa68;f8d5ece7-031e-4190-8af9-321b6ee87620;d42e699a-9261-4cff-a443-1d300a227478;2dd340c8-7fe8-494d-a1e7-2cf1af0fed5f;0bd16e6c-087f-4181-9fd2-9d2d0a020c73;0bc3bb4c-8dce-41fc-a534-71b161766a2c;9430dbe7-2d55-4a87-9439-1545fda58fe1;ea130622-50f9-41f0-94d8-6454a0c844e9;d972c9f1-deae-48ee-bcd7-0b8d11a5d001;fd63ba5d-fb8a-4aab-bda6-858add00784f;6a765ef4-03d0-48f5-8bb3-4e71edb6c1a5;1166f388-7973-4fd3-870a-65c12500d134;20cddf71-3a4a-4e0a-8057-3f75b691aa0d,اور پھر اسی طرح بعض اوقات لوگ isolate ہو جاتے ہیں آپ نے دیکھا ہوگا جو لوگ depression میں جاتے ہیں وہ کیا کرتے ہیں رات بھر جاگتے ہیں جب کوئی ان کے پاس نہیں آنے والا اور دن بھر کیا کرتے ہیں سوتے ہیں دن کو کیوں سوتے ہیں وہ لوگوں کو avoid کرنے کے لیے لوگوں سے بچنے کے لیے یہ کس چیز کا نتیجہ ہوتا ہے ہر چیز کے بارے میں منفی سوچنا یہ بھی میرے خیال نہیں رکھتا وہ مجھے نہیں پوچھتا وہ تو ہے یا ایسا مطلب ہر ایک کے بارے میں کوئی بدگمانی پالی ہوئی ہوتی ہے اس نے کس کا نقصان ہوتا ہے اس کا اپنا ہوتا ہے
SKD_U001_S001_0001_chunk_0079,SKD_U001_S001_0001,SKD2025,79,2583.9199999999996,2613.24,ed660e46-6d2a-4126-aaec-12aaf55aa080;c8d19004-5dc0-4ca9-a363-ca8975b735b3;ef966469-7ec1-4eac-9d70-3accc5b89a18;88b96d23-7306-4c22-a6c1-a4adf1e8766a;9d68cd3c-5bc9-41a2-aa6f-f3fb9c593354;0b5c2cae-82d4-4578-b3c2-f8ffb664af5f;4f560797-2a24-4b1b-abb9-d61de07085bc;8b8cfa6d-7ca5-4aaa-8fde-74ea9989133d;c1a5a2b9-9221-4940-ac77-b31e6e454dd0;a069e47d-46e3-450f-9276-a7ab0c86bc4e;42313542-33ea-4294-be7f-d6bfcdd2eed7;b29765b3-465e-45a8-92b4-947cb2bf99b2;2934b02f-1a15-4901-b829-4aad31dddaee;6690c672-2e85-44e3-90e3-98316d873270;f4b13f9e-1b76-459f-8cad-968c65ecedc8;c2024af1-b197-425a-8faa-251261edb81c;1083aa29-d586-44ab-b25c-4acb74660320;9827bb41-857b-40be-a543-a54e8b227d53;90a1f658-1323-460f-b45c-478e2a873e43;d62c1870-e254-4a4a-9e31-dacfd8cbccc4,وہ ترقی نہیں کر سکتا وہ lose کر جاتا ہے وہ opportunities کھو دیتا ہے بیمار صحت مند نہیں ہو سکتا اگر وہ منفی سوچتا رہے اور اس کو کوئی سوچواتا رہے تم ٹھیک نہیں ہو سکتے پھر اسی طرح آپ دیکھیئے کہ ان ساری چیزوں کا علاج مثبت سوچ کے ساتھ یعنی بیماریوں کا علاج مثبت سوچ کے ساتھ ہو سکتا ہے اور قرآن سے بڑھ کر کوئی چیز نہیں جو آپ کو مثبت سوچ دیتی ہے انشاءاللہ آگے ہم بات کریں گے کہ اللہ تعالیٰ نے شفاہ کے لیے جو چار آیتیں قرآن میں بیان کی ہیں ان میں سے
SKD_U001_S001_0001_chunk_0080,SKD_U001_S001_0001,SKD2025,80,2613.24,2643.86,ef31147b-efdc-4a01-a258-09c4425f420f;87cd9f5b-24cf-4c63-b5c9-16a6a8df23b8;6cc4e4b6-673c-4420-8d7b-607cf288f3bb;1bbd56e1-f042-443c-9580-487ab12b46ee;34db5efa-bb64-4bd5-a59b-e6831ca28cda;974c1728-2690-4834-a3aa-718eb7c52faf;2993c14e-1163-4647-b1b6-489ee48cd78b;3abcc4f0-6483-4eed-9652-4dfa9b9b145c;7d81642a-c0f4-478f-a7b2-f5f87d6d1483;47a2fc3d-405f-4fb9-833e-24778903ea72;4c639ffd-7b38-440d-be73-06ce4c2ec771;1f50bd52-8a55-4455-ab7d-a83d414f18a6;f53cd9ec-b013-4cec-ade5-558b51290bd6;773f3f07-04dd-4cd2-be60-b5da36826d73;aabb3ad7-2158-4462-ba87-220085976f78;00442d9a-e957-41c9-8b78-6ee6992cf9bf;91078fd2-ba5c-4730-aa3f-e7060ba445d1;2d8a6ee6-63af-4323-8a0f-959672d66b15;58659264-550b-4c65-9fc9-6b94e4537374;3e2a3c6e-b4ca-4037-bd59-7bdedfdc1943;970bc909-f065-46d6-ad7f-79150c4cf60d,تین جو ہیں وہ قرآن سے متعلق ہیں کہ قرآن جو ہے نہ صرف اس کے حروف اس کی آیات اس کے معنی بلکہ overall چونکہ اللہ کا کلام ہے تو مثبت ہی مثبت ہے وہ ہمارے اوپر مثبت اثرات بھی ڈالتا ہے اور آپ دیکھیئے کہ جب ہمارے جسم میں ایسے hormones پیدا ہوتے ہے نا جس سے ہماری immunity low ہوتی ہے تو پھر ہم بیماریوں کا مقابلہ بھی نہیں کر سکتے تحقیق کہتی ہے کہ طویل منفی باتیں شکایات دماغ کے حصے Hippocampus کو سکیڑ دیتی ہیں
SKD_U001_S001_0001_chunk_0081,SKD_U001_S001_0001,SKD2025,81,2643.86,2674.7,1fe82dad-0f3a-41a5-b678-47f0ead46308;fc28f5f5-b4d1-4278-932a-83208969a8aa;47a79224-0c47-43ba-a93b-d60e531a2c17;26b66e9b-8647-4909-995e-2f2575b84077;27018b83-7916-4065-8b6e-d5f0f308efcf;f3b22df9-392f-4087-84f3-a89baf1199d4;1ae89866-a388-48c1-b97f-45e49d941494;6572c3f8-df69-4a40-8c35-b7a1b9cf29cd;dbee75e8-d581-448e-8144-b951c050ef2c;cff6bef0-0f49-4339-83c1-dec206b8934e;a0667dc4-95af-41cb-8d98-30548840780f;e7d7a07e-0ddf-4d1b-be42-305d44a42ed6;8411e72f-3c78-4845-8872-1c40a67641e3;257b23cb-1b64-40ee-8556-8c906397c7b7;3728e907-c5db-457c-845a-9f131f5ccd2c;06da4224-f2cf-45c5-a636-8cf2ffc27d29;44663f47-2913-425a-8094-64143134a99b;35248256-0ccc-40f2-ac88-782462bacfc7;192d3f0d-b2e7-4a9d-ba29-b624bd72f68a;d2521b7b-2604-43c5-9629-b5df832555b6;95274c91-3a80-46f7-98e9-ec07919655d5;450d4b38-d842-4ecc-82b2-b54c1c6d12f1;9db97328-a9f7-4d23-bbd0-93bd34870300,جو ہماری یادداشت سیکھنے اور جذبات کے لیے بہت ضروری ہے research یہ بتاتی ہے کہ تین منٹ کے مختصر دورانیے میں شکایتیں کرنا یا سننا ہمارے دماغ کو متاثر کرتا ہے تین منٹ ٹھیک ہے اس لیے اگر آپ کے گھر میں کوئی بیمار ہو یا آپ خود بیمار ہوں اور کوئی منفی بات کر رہا وہاں سے اٹھ جائیں وہاں سے اس کو ہٹا دیں اور وہ کہتے ہیں کہ اس سے علمی صلاحیتوں میں کمی ہو سکتی ہے مسائل حل کرنے کی صلاحیت کم ہو جاتی ہے تو اس لیے بہت ضروری ہے
SKD_U001_S001_0001_chunk_0082,SKD_U001_S001_0001,SKD2025,82,2674.7,2705.1,cd5f54ec-4382-4a36-a73d-8a7195eef8ed;c987f300-d62e-459f-b7e3-9e6f374e8cf1;24b39440-28e0-4b08-9af6-b38f8a54d2f0;2698f100-ef8e-4e85-8ff8-dcaadc1914c7;022193bc-f6c1-4a16-a76d-422c024696ab;50433607-1478-48b1-944b-8b19664dbedf;c5e0e99c-f953-4b8a-8423-5013ee73c8f5;329a0318-8354-45dc-a620-aa846741cc54;d53d038f-94e8-4ac6-b582-6ad03f829afd;df229088-a837-41ea-98ed-7b559a3b00f4;6afa6417-7c36-4f59-abb1-6f2caa94b460;23ce7996-c000-4478-a69e-9aaf133380c5;611f11f2-7936-4af8-9ef1-192492b838dd;03d71fa6-8527-4e44-a633-c69aec180a76;ec756023-54bd-435e-8b88-30402d92f2d4;b70b454d-256e-4878-a234-9bf17030612b;312018ff-4731-461c-815d-1200f9a79183;84d22132-3445-4408-bebc-c65915f28d57;7c6ce2c1-27e2-40b9-9281-f707b62035bb;411985d4-73a4-4886-a693-1be0e4571674,کہ ہم بیمار کے علاج کے لیے اگر آپ ڈاکٹر ہیں مثلا یا آپ counselling کرتے ہیں ذہنی بیماریوں کا کچھ علاج کرنے والے ڈاکٹر ہیں یعنی آپ ایسے therapist ہیں تو پھر آپ کو کیا کرنا چاہیے مثبت باتیں امید دلانی یقین بڑھانا اور اس طرح کی بہت سی چیزیں کرنی چاہیے اور پھر یہ کہ دعائیں مانگنے میں رات کا آخری حصہ اور رمضان میں لیلتہ القدر میں عرفہ کے دن آذان سننے کے بعد سجدوں میں
SKD_U001_S001_0001_chunk_0083,SKD_U001_S001_0001,SKD2025,83,2705.1,2734.08,2e4a1fd7-3ca5-477d-9b18-128da02c85fe;a1b96fa3-5439-4a53-adf7-d0a170c47169;473d364c-f596-455f-889d-cb7d3591b2e2;8eaadd64-507a-49ff-91f6-0a29b47918fc;8f64309d-a2b6-4fd8-8098-4df0dfbfb6f8;905365b9-5a48-4e20-9685-33c91bbc32e9;dd3ac270-48e8-4a9c-9776-d0863f336270;620425db-d72e-4295-81e4-dbfc21b0ffeb;1848111b-b0b3-4bc8-825f-ebb458c8ad48;c1e803fe-2e76-4f7a-979c-61f41d7c7e95;4f7de717-472a-46c2-b80f-70803845ee75;3285b316-0514-415d-881e-8327898cfb66,فرض نماز کے بعد جمعہ کے دن خاص گھڑی بارش کے وقت زمزم پیتے ہوئے تلاوت قرآن کے بعد اور آخر میں ایک حدیث سنا کے بس کروں گی نبی صلی اللہ علیہ وسلم نے فرمایا جب تم مریض یا میت کے پاس جاؤ تو اچھی بات کہو کیونکہ فرشتے تمہاری بات پر آمین کہیں گے تو دعاؤں کے ساتھ آمین جو ہے
SKD_U001_S001_0001_chunk_0084,SKD_U001_S001_0001,SKD2025,84,2734.08,2763.72,16753ea6-dfec-453a-a949-c0eaa26d20ac;bb3dc340-1132-4c17-9ed0-273b16eec8f0;b3f7d66c-1e20-4e31-8a09-06dca055718d;14787a98-7d9a-411b-a7d7-b60b213d74b1;f5f04e50-c648-41d0-b92a-78a003380439;d1c65498-a0ae-4f17-8cfe-a78c04211f31;e4e912f6-4dfd-4e70-ad94-4d503b0c230c;95a21301-cb0e-454c-a19b-4679d932e994;332ad20d-775b-49cb-9881-e2d2a942aeaf;f8c916f2-d751-40b2-9c4c-9e81641e7932;e17a70e9-4a58-4a55-a915-ee7cc34ff31f;57149e82-6fcd-41f5-a7ae-d01435068745;6c2c4dd2-841d-4945-bf99-a8b50e31293d;bafe8aad-d0e2-4b8b-b753-33735607078b;72c93760-1a2e-4bef-9b8c-16fb2da7c925;84823829-ce06-48ad-98bc-f896ae8fba1c;e550cbe9-c7f8-4a83-89c9-1bcadcc1b4ed;798c0674-f4ad-4d01-b394-c1c3e8b16615;a9e780c1-ac47-4060-9fa0-d126ed38f03a,وہ بھی فائدہ دیتی ہے اسی لئے ایک تو دعا مانگ رہے ہوتا ہے اور باقی سب آمین کہہ رہے ہوتا ہے اچھا ایک کام کرنا آپ نے اگر ایک بات بھی آپ کو یاد رہے نا آج کے lecture میں تو جا کے اپنی امی یا بہن یا کسی رشتہ دار یا دوست یا social media یا کہیں بھی آپ share کریں گے اس سے فائدہ کیا ہوگا خیر پھیلے گی اس کا ثواب کس کو ملے گا آپ کو ملے گا جس نے وہ خیر آگے بانٹی جَزَاكُمُ اللهُ خَيْرًا سُبْحَانَكَ اللَّهُمَّ وَبِحَمْدِكَ أَشْهَدُ أَنْ لَا إِلَٰهَ إِلَّا أَنْتَ
SKD_U001_S001_0001_chunk_0085,SKD_U001_S001_0001,SKD2025,85,2763.72,2820.14,f2fc9ae9-73ff-48cd-9e5c-f7a958d6ba25;05589031-39d2-48ea-837b-00cc9b37f314;9e6f0b70-2406-4a43-91b0-e915ed2c4329;dd9b0fe8-2b7c-47ac-aa73-978a236eba4e;70e23c1e-9c6d-4676-9561-3670ee9d4d9e;e37d4729-a2a5-4d4d-adb0-5de7dbd47882;39be8753-08bc-4a25-8bbb-e9d2fed8989e;04f63278-f876-41c4-b9fb-380a998a9dc0;d5d355f8-5c77-479a-ac3a-ed76e8a6cffa;d8da7a39-0aea-4677-8e3e-05f37d0ff016,أَسْتَغْفِرُكَ وَأَتُوبُ إِلَيْكَ السَّلَامُ عَلَيْكُمْ وَرَحْمَةُ اللهِ وَبَرَكَاتُهُ وَعَلَيْكُمُ السَّلَامُ وَرَحْمَةُ اللَّهِ وَبَرَكَاتُهُ اللَّهُمَّ صَلِّ عَلَىٰ مُحَمَّدٍ وَعَلَىٰ آلِ مُحَمَّدٍ كَمَا صَلَّيْتَ عَلَىٰ إِبْرَاهِيمَ وَعَلَىٰ آلِ إِبْرَاهِيمَ إِنَّكَ حَمِيدٌ مَجِيدٌ اللَّهُمَّ بَارِكْ عَلَىٰ مُحَمَّدٍ وَعَلَىٰ آلِ مُحَمَّدٍ
SKD_U001_S001_0001_chunk_0086,SKD_U001_S001_0001,SKD2025,86,2821.14,2843.14,9c462f8a-01b1-47c6-9f0c-eb3cf590c00c;ab848936-9d51-4eca-8a85-6a6c388cf7c7;127f600d-0747-48e2-a94a-8ec51760409f,كَمَا بَارَكْتَ عَلَىٰ إِبْرَاهِيمَ وَعَلَىٰ آلِ إِبْرَاهِيمَ إِنَّكَ حَمِيدٌ مَجِيدٌ
